"alpha","omega.tot","omega.hier","ASE","g","coded_data_index","replication_success"
0.670862372833916,NA,NA,0.0527424051867057,"Caruso et al. (2012)",10,"No"
0.562048373541002,0.652075126494913,0.5288517108181,0.0631490434343937,"Caruso et al. (2012)",10,"No"
0.63372950056889,NA,NA,0.0638635349364136,"Caruso et al. (2012)",10,"No"
0.824861494856483,0.873255013147616,0.641874425565816,0.0282761989524274,"Caruso et al. (2012)",10,"No"
0.762201732345695,0.82710247947617,0.594747104197673,0.0374868567064621,"Caruso et al. (2012)",10,"No"
0.57425645510323,0.678995301639479,0.234463073729207,0.0672790593543425,"Caruso et al. (2012)",10,"No"
0.798417830574717,0.859744006399746,0.637611263393639,0.0336228583606687,"Caruso et al. (2012)",10,"No"
0.783350845803944,0.834522780397267,0.581313048985586,0.025338613180516,"Caruso et al. (2012)",10,"No"
0.69421422215391,0.762369153107831,0.566368849550023,0.0439050484727427,"Caruso et al. (2012)",10,"No"
0.751247325057398,0.82260112334884,0.590066594578128,0.036341798932382,"Caruso et al. (2012)",10,"No"
0.71239461129229,0.770366066124116,0.429880252188781,0.0261695990343618,"Caruso et al. (2012)",10,"No"
0.776579726410255,0.826256512757759,0.587731876710741,0.0284639249790953,"Caruso et al. (2012)",10,"No"
0.762190754684011,NA,NA,0.0373635875981256,"Caruso et al. (2012)",10,"No"
0.765342258495626,0.843971466658277,0.474890848725899,0.0380677190237389,"Caruso et al. (2012)",10,"No"
0.860891986383893,0.903689117046646,0.697503767413976,0.00679829749658396,"Caruso et al. (2012)",10,"No"
0.770445173456177,0.827971267750652,0.475762804768861,0.0343709640792711,"Caruso et al. (2012)",10,"No"
0.79189980547887,NA,NA,0.029233818204657,"Caruso et al. (2012)",10,"No"
0.762726916493496,0.830589110288732,0.575551021831155,0.0100127923571538,"Caruso et al. (2012)",10,"No"
0.639720045219229,0.739113208156516,0.262114148081357,0.0568608908442027,"Caruso et al. (2012)",10,"No"
0.68501833106706,NA,NA,0.0460772800201942,"Caruso et al. (2012)",10,"No"
0.699269004250834,0.806029895792925,0.473444007086688,0.0492258068194455,"Caruso et al. (2012)",10,"No"
0.773307534469614,NA,NA,0.0268605967497694,"Caruso et al. (2012)",10,"No"
0.606201229401197,NA,NA,0.0743598493494005,"Caruso et al. (2012)",10,"No"
0.722871894572149,0.800660461804403,0.556927315631279,0.0329401495358526,"Caruso et al. (2012)",10,"No"
0.719405939623437,0.800198288869321,0.539467153616937,0.0324651066241254,"Caruso et al. (2012)",10,"No"
0.751502109442334,0.817710737061459,0.455678173350633,0.0431101152526561,"Caruso et al. (2012)",10,"No"
0.767467388833218,0.821637970016348,0.536683132998393,0.0234678693282413,"Caruso et al. (2012)",10,"No"
0.786467662486231,0.858980432858258,0.507574886802182,0.0368027084013788,"Caruso et al. (2012)",10,"No"
0.75231632508717,0.832286084835902,0.481523715873754,0.033909349829266,"Caruso et al. (2012)",10,"No"
0.758919941518485,0.830965415897546,0.597374359138959,0.0325003051903359,"Caruso et al. (2012)",10,"No"
0.748299389723586,0.816896461150269,0.517870502956525,0.043348224456048,"Caruso et al. (2012)",10,"No"
0.717862845617074,0.782814255873936,0.408525230907549,0.0450206684741167,"Caruso et al. (2012)",10,"No"
0.652896562634313,0.759592288233572,0.304234182144915,0.0568237173238059,"Caruso et al. (2012)",10,"No"
0.754170896634614,0.821235500499887,0.592114228395119,0.0371847001699064,"Caruso et al. (2012)",10,"No"
0.814563352649132,0.86907121182352,0.562870430763268,0.0294258600777425,"Caruso et al. (2012)",10,"No"
0.747020859116424,NA,NA,0.0403494043315954,"Caruso et al. (2012)",10,"No"
0.839801279016686,NA,NA,0.0315600254871651,"Husnu & Crisp (2010)",11,"Yes"
0.863857662488447,NA,NA,0.0208038125084619,"Husnu & Crisp (2010)",11,"Yes"
0.71605464857005,NA,NA,0.0504280507885378,"Husnu & Crisp (2010)",11,"Yes"
0.808828991319099,NA,NA,0.0352992249649539,"Husnu & Crisp (2010)",11,"Yes"
0.877681940040306,NA,NA,0.0219391691230626,"Husnu & Crisp (2010)",11,"Yes"
0.814545041463948,NA,NA,0.0313119532412571,"Husnu & Crisp (2010)",11,"Yes"
0.857485344620883,NA,NA,0.0264966923459321,"Husnu & Crisp (2010)",11,"Yes"
0.844391886910667,0.869040895644833,0.832974565472741,0.0208319324290018,"Husnu & Crisp (2010)",11,"Yes"
0.67594245821983,NA,NA,0.0512518778186218,"Husnu & Crisp (2010)",11,"Yes"
0.866151129495588,NA,NA,0.022060583052246,"Husnu & Crisp (2010)",11,"Yes"
0.835379504706569,NA,NA,0.0171197005170701,"Husnu & Crisp (2010)",11,"Yes"
0.809617034898786,0.854360381307269,0.773638198652175,0.0270790846157862,"Husnu & Crisp (2010)",11,"Yes"
0.847554419318313,0.866588951601819,0.819975465889172,0.0253812677068928,"Husnu & Crisp (2010)",11,"Yes"
0.83036352893712,NA,NA,0.0332787308619685,"Husnu & Crisp (2010)",11,"Yes"
0.85190031941235,NA,NA,0.00792051599605083,"Husnu & Crisp (2010)",11,"Yes"
0.850743757153069,0.871484315013774,0.829506375582158,0.0245352989796069,"Husnu & Crisp (2010)",11,"Yes"
0.779731037385288,NA,NA,0.0344745635211751,"Husnu & Crisp (2010)",11,"Yes"
0.830573579174224,0.860294886101817,0.816052766744115,0.0080070272985172,"Husnu & Crisp (2010)",11,"Yes"
0.810330964739647,NA,NA,0.0334325920212441,"Husnu & Crisp (2010)",11,"Yes"
0.855565031777132,0.905311208339285,0.810922524523631,0.0245384253215373,"Husnu & Crisp (2010)",11,"Yes"
0.854240749877311,NA,NA,0.0265930328798985,"Husnu & Crisp (2010)",11,"Yes"
0.842798562424887,NA,NA,0.0218511779666775,"Husnu & Crisp (2010)",11,"Yes"
0.767868010263424,NA,NA,0.042659362965142,"Husnu & Crisp (2010)",11,"Yes"
0.807163449879803,NA,NA,0.0252808661580773,"Husnu & Crisp (2010)",11,"Yes"
0.855832254753303,NA,NA,0.0191641405716519,"Husnu & Crisp (2010)",11,"Yes"
0.843074660618962,NA,NA,0.0284803475078915,"Husnu & Crisp (2010)",11,"Yes"
0.813601095781664,NA,NA,0.0209269408048732,"Husnu & Crisp (2010)",11,"Yes"
0.810758592772975,NA,NA,0.0379812255604315,"Husnu & Crisp (2010)",11,"Yes"
0.797160008428543,NA,NA,0.0309737012340049,"Husnu & Crisp (2010)",11,"Yes"
0.839877796875676,0.867800168149922,0.805688361706444,0.0223108729276802,"Husnu & Crisp (2010)",11,"Yes"
0.825397305333935,0.861185201268353,0.776301677993437,0.0332191951971589,"Husnu & Crisp (2010)",11,"Yes"
0.840539791932715,NA,NA,0.026956984080732,"Husnu & Crisp (2010)",11,"Yes"
0.830012743992173,0.850626208001083,0.816530037684985,0.0298882565200162,"Husnu & Crisp (2010)",11,"Yes"
0.855686038016209,0.871555755495378,0.845838906617909,0.0237416565400056,"Husnu & Crisp (2010)",11,"Yes"
0.733161719816349,NA,NA,0.0506541816394823,"Husnu & Crisp (2010)",11,"Yes"
0.845519500795362,NA,NA,0.0281824790837985,"Husnu & Crisp (2010)",11,"Yes"
0.90137358234932,0.940578594520109,0.80739334640106,0.0175061548303502,"Nosek et al. (2002), Math",14,"Yes"
0.802031982026998,0.886978131904459,0.695639385408296,0.0295358331884315,"Nosek et al. (2002), Math",14,"Yes"
0.851990849325151,NA,NA,0.0271809424699616,"Nosek et al. (2002), Math",14,"Yes"
0.897163390203077,0.930860636536541,0.765995833412295,0.0174211020825723,"Nosek et al. (2002), Math",14,"Yes"
0.902014263317479,0.934368620941082,0.816100093227109,0.0157711800516146,"Nosek et al. (2002), Math",14,"Yes"
0.946372096380941,0.96308850015783,0.907396541582822,0.00824797233764389,"Nosek et al. (2002), Math",14,"Yes"
0.895220869394405,0.940678986465009,0.781203064489717,0.0178837243915229,"Nosek et al. (2002), Math",14,"Yes"
0.938838328240234,0.956899944951488,0.860118313818232,0.00732204602700487,"Nosek et al. (2002), Math",14,"Yes"
0.903963995869659,0.932554831634429,0.820674258122131,0.0149203153333914,"Nosek et al. (2002), Math",14,"Yes"
0.91202874826962,0.946935511975196,0.868466767454015,0.0137903893254984,"Nosek et al. (2002), Math",14,"Yes"
0.895885718901882,NA,NA,0.0105829577861437,"Nosek et al. (2002), Math",14,"Yes"
0.879891058750667,0.931977559372934,0.815881915925962,0.0153787219920637,"Nosek et al. (2002), Math",14,"Yes"
0.918705731239966,NA,NA,0.0133135596937128,"Nosek et al. (2002), Math",14,"Yes"
0.888423961026633,NA,NA,0.020245797029919,"Nosek et al. (2002), Math",14,"Yes"
0.916384210931716,0.937515034725784,0.858132891073422,0.00428376792649863,"Nosek et al. (2002), Math",14,"Yes"
0.901496528286716,NA,NA,0.0154596500864881,"Nosek et al. (2002), Math",14,"Yes"
0.891571505967656,0.94495862480771,0.80676247762624,0.0155679985745086,"Nosek et al. (2002), Math",14,"Yes"
0.887586252378524,0.925459471219204,0.8000776195926,0.00502267552951612,"Nosek et al. (2002), Math",14,"Yes"
0.913450821939635,0.966408388721983,0.885612106513573,0.0147510223863524,"Nosek et al. (2002), Math",14,"Yes"
0.884247880808947,0.94595205929139,0.750613041141876,0.0179252707177557,"Nosek et al. (2002), Math",14,"Yes"
0.915519988772925,0.946405803926298,0.85763510262511,0.0143385526255314,"Nosek et al. (2002), Math",14,"Yes"
0.873335123944926,NA,NA,0.016239846751547,"Nosek et al. (2002), Math",14,"Yes"
0.909934293216649,0.949458201927645,0.756144621904394,0.0174236963809646,"Nosek et al. (2002), Math",14,"Yes"
0.868454579215023,NA,NA,0.0179194577160391,"Nosek et al. (2002), Math",14,"Yes"
0.914458212960242,0.943527692936444,0.852931558498101,0.00991587717729893,"Nosek et al. (2002), Math",14,"Yes"
0.909163087731574,NA,NA,0.0155068336986204,"Nosek et al. (2002), Math",14,"Yes"
0.940610880429134,0.96282569580835,0.870754627227562,0.00638152437856857,"Nosek et al. (2002), Math",14,"Yes"
0.90614691912875,0.934087014249307,0.857378798966015,0.0167074616172619,"Nosek et al. (2002), Math",14,"Yes"
0.917677671935855,0.945463112544576,0.84116693586812,0.0113330608976835,"Nosek et al. (2002), Math",14,"Yes"
0.911727262905449,0.943617867959758,0.837547146724543,0.0116275509594671,"Nosek et al. (2002), Math",14,"Yes"
0.902427870836046,0.933893581215561,0.840269974042724,0.0183332389286716,"Nosek et al. (2002), Math",14,"Yes"
0.849501811618408,0.906220734947032,0.829441032215542,0.0234061709482224,"Nosek et al. (2002), Math",14,"Yes"
0.90155525274275,NA,NA,0.0165417179992878,"Nosek et al. (2002), Math",14,"Yes"
0.905804365282239,0.946522887144386,0.81214434663668,0.0145654104454299,"Nosek et al. (2002), Math",14,"Yes"
0.892304171569755,0.933447403448682,0.80779757277326,0.0194788932824386,"Nosek et al. (2002), Math",14,"Yes"
0.85435865567043,0.92615042153994,0.690699635299846,0.0254830885056988,"Nosek et al. (2002), Math",14,"Yes"
0.952657542327082,0.965614364189435,0.90754814351505,0.00799462179678169,"Nosek et al. (2002), Art",14,"Yes"
0.925042934343505,0.945295053497774,0.890355490680355,0.0111512046778169,"Nosek et al. (2002), Art",14,"Yes"
0.948758624811117,NA,NA,0.00872835727446152,"Nosek et al. (2002), Art",14,"Yes"
0.944957486402987,0.962905512994672,0.890753481559222,0.00906465787851377,"Nosek et al. (2002), Art",14,"Yes"
0.968599518852012,NA,NA,0.00496170983224519,"Nosek et al. (2002), Art",14,"Yes"
0.944651920262691,0.969473866913228,0.887890857288601,0.00848299241034467,"Nosek et al. (2002), Art",14,"Yes"
0.958733396526577,0.977740956639019,0.933710658562154,0.00689041809449671,"Nosek et al. (2002), Art",14,"Yes"
0.966248774642401,NA,NA,0.00402651924889731,"Nosek et al. (2002), Art",14,"Yes"
0.959864322259164,NA,NA,0.0061763227833381,"Nosek et al. (2002), Art",14,"Yes"
0.934215495247974,0.954902157820418,0.845403675563224,0.0100302847072332,"Nosek et al. (2002), Art",14,"Yes"
0.945177496803796,0.9576564290979,0.915255025851653,0.00541368913159968,"Nosek et al. (2002), Art",14,"Yes"
0.954116140167971,0.96686077956532,0.937117885177488,0.00596633474249247,"Nosek et al. (2002), Art",14,"Yes"
0.950706886877594,0.966732417654386,0.893286349473524,0.00795227951438557,"Nosek et al. (2002), Art",14,"Yes"
0.949037122231689,0.975373356368447,0.913608468752852,0.00878681317627704,"Nosek et al. (2002), Art",14,"Yes"
0.955215260591212,0.969499329081294,0.908639554080417,0.00225588708668182,"Nosek et al. (2002), Art",14,"Yes"
0.941730399889513,0.963662647129239,0.890411991026017,0.00890642349437351,"Nosek et al. (2002), Art",14,"Yes"
0.933648935552928,NA,NA,0.00954272079894497,"Nosek et al. (2002), Art",14,"Yes"
0.955133806606057,0.969893455795364,0.902783067150172,0.00197080402222374,"Nosek et al. (2002), Art",14,"Yes"
0.958298895521174,0.967914396056217,0.927342057385716,0.00666016808417462,"Nosek et al. (2002), Art",14,"Yes"
0.957133094858814,0.972644469069399,0.916783979806594,0.00662663911893649,"Nosek et al. (2002), Art",14,"Yes"
0.956851421551873,0.971535035290732,0.911033307989752,0.0074726743931158,"Nosek et al. (2002), Art",14,"Yes"
0.955510382757829,NA,NA,0.00564792208464625,"Nosek et al. (2002), Art",14,"Yes"
0.957009923895991,0.972168400696686,0.919481765357381,0.00786719109399598,"Nosek et al. (2002), Art",14,"Yes"
0.94968493015283,0.972696084204755,0.888648117056987,0.00626918037312202,"Nosek et al. (2002), Art",14,"Yes"
0.951759463775973,0.969280100471681,0.895435243078892,0.00553621650585009,"Nosek et al. (2002), Art",14,"Yes"
0.939013108843371,0.962451389631698,0.870347221601048,0.0105667868806931,"Nosek et al. (2002), Art",14,"Yes"
0.956713843367751,0.977383441489654,0.909217941201853,0.00452826218454984,"Nosek et al. (2002), Art",14,"Yes"
0.911284672650215,0.940786116186406,0.899792340398257,0.015459059169775,"Nosek et al. (2002), Art",14,"Yes"
0.94838802772956,0.973984723192063,0.872837423810857,0.00755889877288457,"Nosek et al. (2002), Art",14,"Yes"
0.959219426573013,0.975014178875899,0.920111908709047,0.00542002117662622,"Nosek et al. (2002), Art",14,"Yes"
0.931935171082868,0.94537724032741,0.858689165862868,0.0116952700278025,"Nosek et al. (2002), Art",14,"Yes"
0.957441261655043,NA,NA,0.00656150037090357,"Nosek et al. (2002), Art",14,"Yes"
0.94812611824216,0.971599123391755,0.886977590993542,0.00829843798290893,"Nosek et al. (2002), Art",14,"Yes"
0.948519707842213,0.964551880385563,0.911882709305969,0.00806197495885987,"Nosek et al. (2002), Art",14,"Yes"
0.961969779917209,0.976401493417973,0.930926349919823,0.00627433028217763,"Nosek et al. (2002), Art",14,"Yes"
0.923996031795775,NA,NA,0.0136606784700198,"Nosek et al. (2002), Art",14,"Yes"
0.840636199894356,NA,NA,0.0281979721447985,"Anderson et al. (2012), SWL",29,"No"
0.840271575518767,0.885651268911795,0.792770726731654,0.0406399045855685,"Anderson et al. (2012), SWL",29,"No"
0.825049517318441,NA,NA,0.0318468114883647,"Anderson et al. (2012), SWL",29,"No"
0.87690838197286,0.91767813054443,0.81797894645833,0.0171102114602424,"Anderson et al. (2012), SWL",29,"No"
0.826229261615329,0.867277237473391,0.807333329738218,0.0280221236911055,"Anderson et al. (2012), SWL",29,"No"
0.838216745998782,0.876637577222847,0.7966781498673,0.0322108382481924,"Anderson et al. (2012), SWL",29,"No"
0.857695269094318,NA,NA,0.0290336423015899,"Anderson et al. (2012), SWL",29,"No"
0.806810787968411,0.875415702091526,0.652222453699561,0.0294867588248408,"Anderson et al. (2012), SWL",29,"No"
0.867808121446408,0.902731708056472,0.796876473744729,0.0240993588541941,"Anderson et al. (2012), SWL",29,"No"
0.564194129861541,0.856313901744334,0.431367813608017,0.212058892996047,"Anderson et al. (2012), SWL",29,"No"
0.860769064396093,NA,NA,0.0234592351895944,"Anderson et al. (2012), SWL",29,"No"
0.791324130321781,0.900668978147354,0.615902644882172,0.0373901228633439,"Anderson et al. (2012), SWL",29,"No"
0.580457260406659,NA,NA,0.138433516291021,"Anderson et al. (2012), SWL",29,"No"
0.881780023471563,NA,NA,0.0177070787447236,"Anderson et al. (2012), SWL",29,"No"
0.880089174919025,NA,NA,0.0197781118980222,"Anderson et al. (2012), SWL",29,"No"
0.69262904564295,0.807634811996815,0.584635769002485,0.126036108940398,"Anderson et al. (2012), SWL",29,"No"
0.860471681047155,NA,NA,0.0222711493660651,"Anderson et al. (2012), SWL",29,"No"
0.899820861550734,0.937635447867306,0.814333328792102,0.0326918697334037,"Anderson et al. (2012), SWL",29,"No"
0.77244713735957,NA,NA,0.032325996623585,"Anderson et al. (2012), SWL",29,"No"
0.875988259783475,0.902004492620373,0.815993918958871,0.0228083013436969,"Anderson et al. (2012), SWL",29,"No"
0.873336022566402,NA,NA,0.030296528247344,"Anderson et al. (2012), SWL",29,"No"
0.697084334364869,0.873686195054779,0.405856825843578,0.111334381388026,"Anderson et al. (2012), SWL",29,"No"
0.894129040186206,NA,NA,0.019481120401442,"Anderson et al. (2012), SWL",29,"No"
0.86671971053511,NA,NA,0.0198165289173264,"Anderson et al. (2012), SWL",29,"No"
0.812466378399281,0.855173973743796,0.812348419678293,0.0297579900909233,"Anderson et al. (2012), SWL",29,"No"
0.80428995912977,0.842352520824327,0.6966040585139,0.0309578236302237,"Anderson et al. (2012), SWL",29,"No"
0.823009541988151,NA,NA,0.0339003149293795,"Anderson et al. (2012), SWL",29,"No"
0.578121781365746,NA,NA,0.145600125649626,"Anderson et al. (2012), SWL",29,"No"
0.825490045544574,NA,NA,0.0568834492097491,"Anderson et al. (2012), SWL",29,"No"
0.929517485794785,NA,NA,0.00685441795388116,"Anderson et al. (2012), SWL",29,"No"
0.873406795860568,NA,NA,0.0116998964492217,"Anderson et al. (2012), SWL",29,"No"
0.830503562735016,NA,NA,0.0397590706160772,"Anderson et al. (2012), SWL",29,"No"
0.83934506887882,NA,NA,0.032102968105248,"Anderson et al. (2012), SWL",29,"No"
0.870549047313582,NA,NA,0.0319623235280676,"Anderson et al. (2012), SWL",29,"No"
0.847081733290975,NA,NA,0.0310207646366884,"Anderson et al. (2012), SWL",29,"No"
0.672088589928754,NA,NA,0.0594067879480665,"Anderson et al. (2012), SWL",29,"No"
0.864932784674913,0.92853986121999,0.786869518932252,0.0385169716879459,"Anderson et al. (2012), SWL",29,"No"
0.813694065834074,NA,NA,0.0318233409088527,"Anderson et al. (2012), SWL",29,"No"
0.78954069918759,0.849943501434686,0.57636953900992,0.0503133715324311,"Anderson et al. (2012), SWL",29,"No"
0.793087642948852,NA,NA,0.0358309992318441,"Anderson et al. (2012), SWL",29,"No"
0.827706527361136,0.871651880242697,0.739760470890204,0.0307768664147566,"Anderson et al. (2012), SWL",29,"No"
0.863058079335702,0.9036949077866,0.851331463464099,0.0257649957218625,"Anderson et al. (2012), SWL",29,"No"
0.856122319294826,NA,NA,0.0262171619970636,"Anderson et al. (2012), SWL",29,"No"
0.845309932054247,NA,NA,0.0283698983047442,"Anderson et al. (2012), SWL",29,"No"
0.756984039933756,0.81480980805622,0.722847291179606,0.0342626465268206,"Anderson et al. (2012), SWL",29,"No"
0.843124733452905,NA,NA,0.0209519901673303,"Anderson et al. (2012), SWL",29,"No"
0.754772361252518,0.81628524684247,0.622176275740979,0.051945611974772,"Anderson et al. (2012), SWL",29,"No"
0.860201683266176,NA,NA,0.0242666505951154,"Anderson et al. (2012), SWL",29,"No"
0.885926632152342,NA,NA,0.0192667603019242,"Anderson et al. (2012), SWL",29,"No"
0.882067512703948,NA,NA,0.0203510112074441,"Anderson et al. (2012), SWL",29,"No"
0.824955797688535,0.869631716018224,0.679048599854034,0.03317511092634,"Anderson et al. (2012), SWL",29,"No"
0.816478948773047,0.868971781696458,0.687787307626765,0.0340774670997714,"Anderson et al. (2012), SWL",29,"No"
0.840193267907882,NA,NA,0.0143081737710395,"Anderson et al. (2012), SWL",29,"No"
0.870382447861447,NA,NA,0.0228899695075111,"Anderson et al. (2012), SWL",29,"No"
0.834441019802311,NA,NA,0.0302870666012754,"Anderson et al. (2012), SWL",29,"No"
0.900457016051317,0.926810505730064,0.829084810159927,0.0210809727377953,"Anderson et al. (2012), SWL",29,"No"
0.884457073669576,0.910331678299169,0.837096810275367,0.0202683633154779,"Anderson et al. (2012), SWL",29,"No"
0.88717203966869,NA,NA,0.0216947432890066,"Anderson et al. (2012), SWL",29,"No"
0.842472225844813,NA,NA,0.0257029435282283,"Anderson et al. (2012), SWL",29,"No"
0.841336403913905,NA,NA,0.0185953221997622,"Anderson et al. (2012), SWL",29,"No"
0.855479616580538,NA,NA,0.0244493499041293,"Anderson et al. (2012), SWL",29,"No"
0.86010973196668,NA,NA,0.0198549029316656,"Anderson et al. (2012), SWL",29,"No"
0.839456371187304,NA,NA,0.0295507810796265,"Anderson et al. (2012), SWL",29,"No"
0.785650023490224,0.857934413573028,0.62138553317041,0.0628119053914302,"Anderson et al. (2012), SWL",29,"No"
0.846416918919128,NA,NA,0.0289585556021074,"Anderson et al. (2012), SWL",29,"No"
0.836097666561283,0.863643447200696,0.794106881872159,0.0287627541760337,"Anderson et al. (2012), SWL",29,"No"
0.835148941211577,NA,NA,0.0275792937484426,"Anderson et al. (2012), SWL",29,"No"
0.849912505174349,NA,NA,0.0276490034207367,"Anderson et al. (2012), SWL",29,"No"
0.867485424571273,NA,NA,0.0259020691804742,"Anderson et al. (2012), SWL",29,"No"
0.846381563042521,0.872046362989625,0.821055214240867,0.0234849375884094,"Anderson et al. (2012), SWL",29,"No"
0.845990133853546,0.88277529429158,0.798537670817934,0.0210321255683629,"Anderson et al. (2012), SWL",29,"No"
0.896853336199959,NA,NA,0.0202492783321995,"Anderson et al. (2012), SWL",29,"No"
0.808904096384993,0.867613845433261,0.736780987522898,0.0320777335753176,"Anderson et al. (2012), SWL",29,"No"
0.842187203331948,NA,NA,0.0289903520417293,"Anderson et al. (2012), SWL",29,"No"
0.826127296043095,NA,NA,0.0275323052276723,"Anderson et al. (2012), PA",30,"No"
0.873528149822051,NA,NA,0.0315557828593729,"Anderson et al. (2012), PA",30,"No"
0.885307213007951,NA,NA,0.0192916005785312,"Anderson et al. (2012), PA",30,"No"
0.876576202533507,NA,NA,0.0158648934177737,"Anderson et al. (2012), PA",30,"No"
0.838651315521367,NA,NA,0.0226037968450532,"Anderson et al. (2012), PA",30,"No"
0.84826106802959,0.891485487581025,0.570497687681808,0.0273352672071917,"Anderson et al. (2012), PA",30,"No"
0.862436339876234,NA,NA,0.0239161111229568,"Anderson et al. (2012), PA",30,"No"
0.893766873024095,0.918072094513944,0.797181535684073,0.015234837420602,"Anderson et al. (2012), PA",30,"No"
0.896730770094336,0.921584679383682,0.73997343876545,0.0150949252894955,"Anderson et al. (2012), PA",30,"No"
0.790978652175796,NA,NA,0.097411297163644,"Anderson et al. (2012), PA",30,"No"
0.872729162038896,0.914466101255956,0.697664741212124,0.0201930846030938,"Anderson et al. (2012), PA",30,"No"
0.843504170614586,0.878923459924842,0.652019947639288,0.0247218726931981,"Anderson et al. (2012), PA",30,"No"
0.844352603227978,0.907880615406118,0.528864747401039,0.0485720754257785,"Anderson et al. (2012), PA",30,"No"
0.877816964473018,0.912665462480287,0.644687414076318,0.0164681150340972,"Anderson et al. (2012), PA",30,"No"
0.953349875667774,0.967394841176664,0.849012305141729,0.00705842708716297,"Anderson et al. (2012), PA",30,"No"
0.895034071097796,NA,NA,0.0327605718998345,"Anderson et al. (2012), PA",30,"No"
0.870256640111063,0.90116952928613,0.751066183900533,0.0186441631712997,"Anderson et al. (2012), PA",30,"No"
0.816448422955653,NA,NA,0.0509638744249371,"Anderson et al. (2012), PA",30,"No"
0.862987664699935,NA,NA,0.017282504878023,"Anderson et al. (2012), PA",30,"No"
0.89453784047778,0.923903079476539,0.761914459070071,0.0171038541751329,"Anderson et al. (2012), PA",30,"No"
0.906126710083122,NA,NA,0.0202376233401897,"Anderson et al. (2012), PA",30,"No"
0.881068487496804,NA,NA,0.0418963997075196,"Anderson et al. (2012), PA",30,"No"
0.886005105458562,NA,NA,0.0188358177704758,"Anderson et al. (2012), PA",30,"No"
0.790385745264033,0.846453369815989,0.60991877165641,0.0277907908181835,"Anderson et al. (2012), PA",30,"No"
0.799871334767776,0.86164185367532,0.679919561506401,0.0279105406765548,"Anderson et al. (2012), PA",30,"No"
0.895168226701984,0.922425284365726,0.715174607372641,0.014974353864613,"Anderson et al. (2012), PA",30,"No"
0.929692874947527,NA,NA,0.0120243263987028,"Anderson et al. (2012), PA",30,"No"
0.833688201230908,NA,NA,0.0508526243454882,"Anderson et al. (2012), PA",30,"No"
0.859919920556694,0.922418544861533,0.747951026276233,0.0444905806084175,"Anderson et al. (2012), PA",30,"No"
0.903481130372698,0.937526790397912,0.717724735418171,0.00783716728531326,"Anderson et al. (2012), PA",30,"No"
0.880134736402691,0.904225357351239,0.708159261165306,0.00991553906942216,"Anderson et al. (2012), PA",30,"No"
0.908772161812931,0.937697877904095,0.591650407808702,0.0183688396459415,"Anderson et al. (2012), PA",30,"No"
0.850654095163071,NA,NA,0.0249277643988899,"Anderson et al. (2012), PA",30,"No"
0.849772408180009,0.895374451838513,0.555626272041674,0.0322589277293446,"Anderson et al. (2012), PA",30,"No"
0.919252592502165,NA,NA,0.0140040947826248,"Anderson et al. (2012), PA",30,"No"
0.881094319666581,0.915852891638309,0.651444051050705,0.02076794363974,"Anderson et al. (2012), PA",30,"No"
0.846415123140812,0.9064025822465,0.564538473904427,0.0397725947235495,"Anderson et al. (2012), PA",30,"No"
0.915954222919125,0.942717385996438,0.787180321940877,0.0126683640510664,"Anderson et al. (2012), PA",30,"No"
0.859079381975133,NA,NA,0.0307540506590465,"Anderson et al. (2012), PA",30,"No"
0.854636480312295,0.890733494425554,0.660715354138556,0.0218234846903209,"Anderson et al. (2012), PA",30,"No"
0.880020543160428,0.919935265985412,0.787441841201631,0.0187881455049154,"Anderson et al. (2012), PA",30,"No"
0.922773679583312,0.942606517162003,0.801257320663234,0.0124501489404249,"Anderson et al. (2012), PA",30,"No"
0.909812344470801,0.931904654125226,0.791899241503808,0.0152803409049334,"Anderson et al. (2012), PA",30,"No"
0.909694723723974,0.929749512103105,0.806993205145976,0.0146014676890888,"Anderson et al. (2012), PA",30,"No"
0.805633648748918,0.849298045465472,0.551451019271801,0.0254955699111653,"Anderson et al. (2012), PA",30,"No"
0.892632833516295,0.925133843256421,0.743537034906847,0.012201165160878,"Anderson et al. (2012), PA",30,"No"
0.88638939538791,0.9229849366078,0.758180146751774,0.0217831088611369,"Anderson et al. (2012), PA",30,"No"
0.87595848981422,0.902854656840147,0.793030214479864,0.0199563812414558,"Anderson et al. (2012), PA",30,"No"
0.90381196522336,0.92886785468841,0.695198987787258,0.0146901192291643,"Anderson et al. (2012), PA",30,"No"
0.871339969865429,0.903245578146687,0.727146058229312,0.0191645613799033,"Anderson et al. (2012), PA",30,"No"
0.844494180405842,NA,NA,0.0265385981522335,"Anderson et al. (2012), PA",30,"No"
0.844990300421875,0.885050131123941,0.602736920257445,0.022847921940441,"Anderson et al. (2012), PA",30,"No"
0.894203814220838,0.916264394481961,0.786002845389107,0.0085809798353429,"Anderson et al. (2012), PA",30,"No"
0.915038189474813,0.939881238900185,0.776540239418883,0.0132889709941379,"Anderson et al. (2012), PA",30,"No"
0.906458930888977,0.928724009523833,0.738551964616526,0.0153683137855307,"Anderson et al. (2012), PA",30,"No"
0.910312521991503,NA,NA,0.0169170715932516,"Anderson et al. (2012), PA",30,"No"
0.874023163647212,NA,NA,0.0181856500353136,"Anderson et al. (2012), PA",30,"No"
0.833081792073034,0.881283437064509,0.647864259465823,0.0253691811505999,"Anderson et al. (2012), PA",30,"No"
0.888622991827175,NA,NA,0.0151490555561578,"Anderson et al. (2012), PA",30,"No"
0.899360141690501,0.924893638305253,0.771723030158401,0.0104869611787625,"Anderson et al. (2012), PA",30,"No"
0.892187548167627,0.924039833577073,0.713457194537788,0.0170233031461071,"Anderson et al. (2012), PA",30,"No"
0.866031628305556,NA,NA,0.0169057989793732,"Anderson et al. (2012), PA",30,"No"
0.832271484088738,0.895534423238977,0.657366956185629,0.0274356490778245,"Anderson et al. (2012), PA",30,"No"
0.855494202130611,0.903756524888939,0.634788273699331,0.0353049735384616,"Anderson et al. (2012), PA",30,"No"
0.905651034710516,0.930169830635655,0.717461086914099,0.0154109906165358,"Anderson et al. (2012), PA",30,"No"
0.872824830563141,NA,NA,0.0189773263196884,"Anderson et al. (2012), PA",30,"No"
0.90532628984639,NA,NA,0.0141392310134646,"Anderson et al. (2012), PA",30,"No"
0.87728753689573,NA,NA,0.0183298406449933,"Anderson et al. (2012), PA",30,"No"
0.915517087629269,NA,NA,0.0130479965716118,"Anderson et al. (2012), PA",30,"No"
0.888831663190093,0.916587699172313,0.696804896310835,0.0151810829959909,"Anderson et al. (2012), PA",30,"No"
0.86847621476964,NA,NA,0.0160315918611511,"Anderson et al. (2012), PA",30,"No"
0.907907897702644,0.936147511280288,0.817910607005649,0.0143935783801482,"Anderson et al. (2012), PA",30,"No"
0.813703995889617,0.864644642505766,0.545186279959813,0.0276056697171773,"Anderson et al. (2012), PA",30,"No"
0.825645874767755,0.884242356131197,0.599613227559735,0.0293057328272421,"Anderson et al. (2012), PA",30,"No"
0.828056169005174,NA,NA,0.0266630739107005,"Anderson et al. (2012), NA",31,"No"
0.920088750470432,0.94151083617322,0.810779564577144,0.0188837146026466,"Anderson et al. (2012), NA",31,"No"
0.912907537739471,0.938383301504051,0.719035189642654,0.0157695153357379,"Anderson et al. (2012), NA",31,"No"
0.880417373693757,NA,NA,0.0136282814603184,"Anderson et al. (2012), NA",31,"No"
0.80548095990765,NA,NA,0.0289356160134517,"Anderson et al. (2012), NA",31,"No"
0.901884746341902,0.933811975591378,0.713242349927118,0.0209184605118216,"Anderson et al. (2012), NA",31,"No"
0.871659819647039,0.911288573384189,0.682804440392657,0.0249777104223288,"Anderson et al. (2012), NA",31,"No"
0.9006253529653,0.937371820907963,0.706709524181282,0.014519676292368,"Anderson et al. (2012), NA",31,"No"
0.889999556292613,NA,NA,0.0196146776459685,"Anderson et al. (2012), NA",31,"No"
0.798212673292077,NA,NA,0.0864400516523472,"Anderson et al. (2012), NA",31,"No"
0.852369659656643,0.89380579078359,0.642612719697944,0.023372003180787,"Anderson et al. (2012), NA",31,"No"
0.829430718042735,0.885810396939013,0.630070227209468,0.0219687496253685,"Anderson et al. (2012), NA",31,"No"
0.791883894153199,NA,NA,0.0748521479460626,"Anderson et al. (2012), NA",31,"No"
0.833350913004,0.886109934549042,0.606458700261969,0.0218269494814029,"Anderson et al. (2012), NA",31,"No"
0.928049591444771,0.949893661433286,0.821205920976025,0.0103366971064997,"Anderson et al. (2012), NA",31,"No"
0.819664631275421,NA,NA,0.0644690588082851,"Anderson et al. (2012), NA",31,"No"
0.928220513427724,0.948026429944508,0.820794579713725,0.0102045611890155,"Anderson et al. (2012), NA",31,"No"
0.842910307895527,0.90448052752499,0.502652110197991,0.0482400636228139,"Anderson et al. (2012), NA",31,"No"
0.879132875847354,0.899410400506032,0.719576109529867,0.0154759228343633,"Anderson et al. (2012), NA",31,"No"
0.891519069148106,NA,NA,0.0179212097925509,"Anderson et al. (2012), NA",31,"No"
0.788128584212699,NA,NA,0.0419709640199699,"Anderson et al. (2012), NA",31,"No"
0.708546649027556,0.831047450210477,0.455800778397572,0.0900249895676977,"Anderson et al. (2012), NA",31,"No"
0.905408270193733,0.943053113581848,0.62625913636762,0.0149428431562163,"Anderson et al. (2012), NA",31,"No"
0.877977089974593,0.908879736457508,0.68676706922694,0.0171114365173388,"Anderson et al. (2012), NA",31,"No"
0.912972715750567,0.940760025231364,0.77669062161673,0.0118570166133806,"Anderson et al. (2012), NA",31,"No"
0.825763886719022,0.875420134101799,0.572313741627694,0.0251454478589218,"Anderson et al. (2012), NA",31,"No"
0.902331912667955,0.931396879092588,0.748695998397291,0.0175176134853468,"Anderson et al. (2012), NA",31,"No"
0.902954600086388,NA,NA,0.0282455715680013,"Anderson et al. (2012), NA",31,"No"
0.846634807522063,NA,NA,0.0513972578573597,"Anderson et al. (2012), NA",31,"No"
0.933911494746314,0.94660821044908,0.818630352573392,0.00596527101322737,"Anderson et al. (2012), NA",31,"No"
0.92789398924354,0.941814495767494,0.825539850045935,0.00599844651921514,"Anderson et al. (2012), NA",31,"No"
0.785274851974534,0.85840471713664,0.573922391745286,0.0462787169529812,"Anderson et al. (2012), NA",31,"No"
0.873306011979999,0.904798712144557,0.761910254812772,0.0211153121466096,"Anderson et al. (2012), NA",31,"No"
0.912641371677103,NA,NA,0.0183389190288007,"Anderson et al. (2012), NA",31,"No"
0.862446690131693,NA,NA,0.024205031176963,"Anderson et al. (2012), NA",31,"No"
0.805654793058489,0.856091181060909,0.656058496665306,0.0336031322512117,"Anderson et al. (2012), NA",31,"No"
0.910731394998471,NA,NA,0.022438081150542,"Anderson et al. (2012), NA",31,"No"
0.875516591918503,NA,NA,0.0196063840519913,"Anderson et al. (2012), NA",31,"No"
0.886787477745061,NA,NA,0.0281087365583544,"Anderson et al. (2012), NA",31,"No"
0.852645607025128,0.892206395417419,0.703261021033561,0.0245077890156152,"Anderson et al. (2012), NA",31,"No"
0.879989479793396,0.911039859914868,0.691072152353007,0.0189913968515516,"Anderson et al. (2012), NA",31,"No"
0.8916242381753,0.919228682817171,0.733651465336986,0.0178724894691774,"Anderson et al. (2012), NA",31,"No"
0.821204489447368,0.865845134290741,0.632855210047499,0.0295510391707346,"Anderson et al. (2012), NA",31,"No"
0.833028445802041,0.893369217171803,0.555314189304597,0.0278775355883621,"Anderson et al. (2012), NA",31,"No"
0.823809434503778,NA,NA,0.0220182403648336,"Anderson et al. (2012), NA",31,"No"
0.86162551478858,0.896920903830682,0.691989685188601,0.016725001661059,"Anderson et al. (2012), NA",31,"No"
0.884528031919911,0.918329471904953,0.71694745678729,0.0208006816556881,"Anderson et al. (2012), NA",31,"No"
0.837796635691378,0.887198808485573,0.649553388168842,0.0243619373304743,"Anderson et al. (2012), NA",31,"No"
0.887742016098798,0.920254908371628,0.715299686424134,0.0179509911359809,"Anderson et al. (2012), NA",31,"No"
0.684916174792759,NA,NA,0.0459714577632684,"Anderson et al. (2012), NA",31,"No"
0.820696802097638,0.874819754740823,0.541831693278192,0.0301776209064156,"Anderson et al. (2012), NA",31,"No"
0.868082451165773,0.913651574601144,0.612716109930644,0.0206402578991463,"Anderson et al. (2012), NA",31,"No"
0.874070746911682,0.901084675293067,0.746814185749327,0.0101435488675422,"Anderson et al. (2012), NA",31,"No"
0.904118084763793,0.940563233368595,0.694845729269503,0.0161788484452139,"Anderson et al. (2012), NA",31,"No"
0.880541553178097,NA,NA,0.0195080396639003,"Anderson et al. (2012), NA",31,"No"
0.942833719843679,NA,NA,0.0110980788277762,"Anderson et al. (2012), NA",31,"No"
0.864209221934486,0.91061951819806,0.572613725894322,0.0214695999678245,"Anderson et al. (2012), NA",31,"No"
0.889003919752068,0.921091928367666,0.710907283554167,0.0165952295493467,"Anderson et al. (2012), NA",31,"No"
0.831571297050804,0.885856105268991,0.610662048527058,0.0203276489157865,"Anderson et al. (2012), NA",31,"No"
0.871359305185386,0.90164018637019,0.778759696485204,0.0128482223966025,"Anderson et al. (2012), NA",31,"No"
0.88989916372284,NA,NA,0.0189493793725292,"Anderson et al. (2012), NA",31,"No"
0.8941611325859,0.916032992709126,0.809224962880833,0.0130122318688035,"Anderson et al. (2012), NA",31,"No"
0.846820787999485,0.904998349064994,0.741894081080639,0.026090147641494,"Anderson et al. (2012), NA",31,"No"
0.857754189685599,0.908987607204163,0.640635114350597,0.0342184496502365,"Anderson et al. (2012), NA",31,"No"
0.869874841273733,NA,NA,0.0204945989509983,"Anderson et al. (2012), NA",31,"No"
0.846621490131473,NA,NA,0.023685375469464,"Anderson et al. (2012), NA",31,"No"
0.927371798644319,0.952552298291406,0.774418281936857,0.0108956594894412,"Anderson et al. (2012), NA",31,"No"
0.839069714794302,NA,NA,0.0270420479758668,"Anderson et al. (2012), NA",31,"No"
0.932560495166645,0.953286326545284,0.82298552008163,0.0106216679576571,"Anderson et al. (2012), NA",31,"No"
0.837509537071771,0.883372748257244,0.531679583284543,0.0229013045833475,"Anderson et al. (2012), NA",31,"No"
0.889939412489664,NA,NA,0.013561829274471,"Anderson et al. (2012), NA",31,"No"
0.886179324111511,0.927375104352701,0.608501481206727,0.0179897603336366,"Anderson et al. (2012), NA",31,"No"
0.860580337836402,0.898685989492492,0.652703539773189,0.0195602894796209,"Anderson et al. (2012), NA",31,"No"
0.922243432801342,0.940341045496391,0.814312148583307,0.0130708823277575,"Anderson et al. (2012), NA",31,"No"
0.8712964104352,NA,NA,0.0164945091068588,"Giessner & Schubert, (2007)",34,"No"
0.727149702405919,NA,NA,0.0687497457100659,"Giessner & Schubert, (2007)",34,"No"
0.880738042944789,0.906864548006221,0.801746543831292,0.0212863915233889,"Giessner & Schubert, (2007)",34,"No"
0.866057213253927,NA,NA,0.0161484778933594,"Giessner & Schubert, (2007)",34,"No"
0.899343905980179,0.938382733464531,0.845915980482615,0.0254810485879368,"Giessner & Schubert, (2007)",34,"No"
0.828805132503574,NA,NA,0.0280225033274258,"Giessner & Schubert, (2007)",34,"No"
0.878543107642181,NA,NA,0.0148699858081495,"Giessner & Schubert, (2007)",34,"No"
0.899499744344953,NA,NA,0.0145943025133619,"Giessner & Schubert, (2007)",34,"No"
0.869074643484103,NA,NA,0.0306543112335047,"Giessner & Schubert, (2007)",34,"No"
0.883155975481519,0.914414001346157,0.781203056063231,0.0202044816478882,"Giessner & Schubert, (2007)",34,"No"
0.880320276644541,0.907535405357165,0.817911021470432,0.0190680228273648,"Giessner & Schubert, (2007)",34,"No"
0.912180730911203,0.938608853114329,0.873349457552488,0.0122049954806581,"Giessner & Schubert, (2007)",34,"No"
0.842747262429877,NA,NA,0.0246116177056348,"Giessner & Schubert, (2007)",34,"No"
0.91577322836512,NA,NA,0.0121664487267048,"Giessner & Schubert, (2007)",34,"No"
0.826573797374888,NA,NA,0.0315889441079136,"Giessner & Schubert, (2007)",34,"No"
0.721160591117887,NA,NA,0.0357939477353382,"Giessner & Schubert, (2007)",34,"No"
0.853072320626299,NA,NA,0.0256789255030913,"Giessner & Schubert, (2007)",34,"No"
0.970310895824446,NA,NA,0.00496584329403714,"Giessner & Schubert, (2007)",34,"No"
0.830549556096246,NA,NA,0.0268830466879813,"Giessner & Schubert, (2007)",34,"No"
0.899450926814487,NA,NA,0.0165092953570358,"Giessner & Schubert, (2007)",34,"No"
0.732180712814056,0.797170598692912,0.654422083154882,0.0526109253703788,"Giessner & Schubert, (2007)",34,"No"
0.624337855695303,0.76882677005078,0.269982467397016,0.0589735368076811,"Giessner & Schubert, (2007)",34,"No"
0.889556995980072,0.923667356628791,0.81452517330473,0.0103235246683642,"Giessner & Schubert, (2007)",34,"No"
0.859870193273853,NA,NA,0.0216103221873336,"Giessner & Schubert, (2007)",34,"No"
0.875162487800956,NA,NA,0.0160205793967667,"Giessner & Schubert, (2007)",34,"No"
0.860307936482384,NA,NA,0.0195273178828399,"Giessner & Schubert, (2007)",34,"No"
0.850734044712394,0.892525818899016,0.744737711593282,0.00830455583061178,"Giessner & Schubert, (2007)",34,"No"
0.88359958509036,0.92505289738309,0.766444638689826,0.0103170035707935,"Giessner & Schubert, (2007)",34,"No"
0.821352268900526,NA,NA,0.0161876103771994,"Giessner & Schubert, (2007)",34,"No"
0.852263680632819,0.899993168233409,0.782336370976427,0.0263032023555946,"Giessner & Schubert, (2007)",34,"No"
0.837126971120962,0.872457397410443,0.792548119924948,0.0181483372366221,"Giessner & Schubert, (2007)",34,"No"
0.817173426156323,0.874564786891526,0.637856794314356,0.0328880825890422,"Giessner & Schubert, (2007)",34,"No"
0.83573747749888,NA,NA,0.0298500886262922,"Giessner & Schubert, (2007)",34,"No"
0.899128585412066,NA,NA,0.0201691148233882,"Giessner & Schubert, (2007)",34,"No"
0.798520555474474,0.863138365771577,0.649023712877544,0.0369770123200677,"Giessner & Schubert, (2007)",34,"No"
0.8509035537097,0.905728036104158,0.727950870552044,0.0184854189296802,"Giessner & Schubert, (2007)",34,"No"
0.888285300686998,NA,NA,0.0132898655042216,"Giessner & Schubert, (2007)",34,"No"
0.79939589747443,NA,NA,0.0359272737553773,"Giessner & Schubert, (2007)",34,"No"
0.890904700882416,0.919594808355523,0.814651353937002,0.0147891225967784,"Giessner & Schubert, (2007)",34,"No"
0.726409924632864,0.846335517410188,0.612132656273558,0.0893871173599845,"Giessner & Schubert, (2007)",34,"No"
0.886054813688903,NA,NA,0.0205657700075227,"Giessner & Schubert, (2007)",34,"No"
0.845647787015401,0.903297107276128,0.730439099597344,0.0298595357192958,"Giessner & Schubert, (2007)",34,"No"
0.87296171507914,NA,NA,0.020551706825144,"Giessner & Schubert, (2007)",34,"No"
0.852430540530713,NA,NA,0.02674736349627,"Giessner & Schubert, (2007)",34,"No"
0.846495170591025,0.887405791499941,0.774917377520141,0.0225658075060202,"Giessner & Schubert, (2007)",34,"No"
0.835418619859604,0.912720222987954,0.653233102111963,0.0275846902023609,"Giessner & Schubert, (2007)",34,"No"
0.853296032694672,0.908116933771413,0.689428249898494,0.025163704774465,"Giessner & Schubert, (2007)",34,"No"
0.814288972964085,0.881885007858872,0.709868570367638,0.0332168793971195,"Giessner & Schubert, (2007)",34,"No"
0.8356886065684,NA,NA,0.0273516988911128,"Giessner & Schubert, (2007)",34,"No"
0.851048405144894,0.901355385914712,0.801824845209126,0.0321978201661313,"Giessner & Schubert, (2007)",34,"No"
0.706675497270288,NA,NA,0.135720306026488,"Giessner & Schubert, (2007)",34,"No"
0.827311387633865,0.925395001578638,0.696362571795059,0.0302818186884548,"Giessner & Schubert, (2007)",34,"No"
0.694278116932493,NA,NA,0.0553279249500148,"Giessner & Schubert, (2007)",34,"No"
0.848705230944242,0.914880599133374,0.745226413947749,0.0174045130695046,"Giessner & Schubert, (2007)",34,"No"
0.893054858419352,0.932228165912111,0.798016420900781,0.018696272810709,"Giessner & Schubert, (2007)",34,"No"
0.778330002750122,NA,NA,0.0394332473387065,"Giessner & Schubert, (2007)",34,"No"
0.842449299232734,0.894833284994409,0.707938954571327,0.025931754334583,"Giessner & Schubert, (2007)",34,"No"
0.853143784399295,0.920520164108423,0.734972953639793,0.0247523068521659,"Giessner & Schubert, (2007)",34,"No"
0.840546481111027,NA,NA,0.026018492651129,"Giessner & Schubert, (2007)",34,"No"
0.83968758127978,NA,NA,0.0201876471982404,"Giessner & Schubert, (2007)",34,"No"
0.8585578132835,NA,NA,0.0136323097454246,"Giessner & Schubert, (2007)",34,"No"
0.557316992080851,0.633843869191975,0.544549701814546,0.0529063714854353,"Norenzayan et al. (2002)",39,"Yes"
0.678826402738997,NA,NA,0.0696646429608358,"Norenzayan et al. (2002)",39,"Yes"
0.872509673040478,0.897983425722944,0.650304280969091,0.0204943430230148,"Norenzayan et al. (2002)",39,"Yes"
0.846577374980644,0.868913800294266,0.60769367189407,0.0176742591001011,"Norenzayan et al. (2002)",39,"Yes"
0.872337060352102,0.906916943298512,0.543398402309787,0.0257272565366643,"Norenzayan et al. (2002)",39,"Yes"
0.852681657427208,0.877394989005167,0.582804117414463,0.0213427525357705,"Norenzayan et al. (2002)",39,"Yes"
0.806040080142777,0.830753480515748,0.527363604598324,0.0213530990089628,"Norenzayan et al. (2002)",39,"Yes"
0.872510642776906,0.893639661382024,0.694422611398296,0.0168186107554577,"Norenzayan et al. (2002)",39,"Yes"
0.846646520467429,0.881057009647796,0.362057736827146,0.0332443776673335,"Norenzayan et al. (2002)",39,"Yes"
0.82125476356153,0.847426553383907,0.457811058689412,0.0288946218515982,"Norenzayan et al. (2002)",39,"Yes"
0.803316364725742,0.838331132499069,0.564577635391946,0.0274751256801445,"Norenzayan et al. (2002)",39,"Yes"
0.896256059853474,0.916473747007532,0.556463994191649,0.012683674116117,"Norenzayan et al. (2002)",39,"Yes"
0.914790701647964,0.92905987651939,0.715987361866433,0.0120870937986066,"Norenzayan et al. (2002)",39,"Yes"
0.829844559014365,0.851882765815095,0.572242349275494,0.0222904240299162,"Norenzayan et al. (2002)",39,"Yes"
0.794804442530436,0.836110101113381,0.514041905615234,0.0325312557965108,"Norenzayan et al. (2002)",39,"Yes"
0.806943105708972,0.832748398057753,0.380001663784617,0.0219001774326599,"Norenzayan et al. (2002)",39,"Yes"
0.859347485840381,0.879471969986664,0.596956124203343,0.0221700383912652,"Norenzayan et al. (2002)",39,"Yes"
0.228528956418662,0.745061921270048,0.293211550917627,0.122140416793507,"Norenzayan et al. (2002)",39,"Yes"
0.88635644379139,0.904908173714596,0.63649416856282,0.0160917510263638,"Norenzayan et al. (2002)",39,"Yes"
0.852691920385182,0.876614599501427,0.634124467553149,0.0212372744453477,"Norenzayan et al. (2002)",39,"Yes"
0.738003208672206,NA,NA,0.0476397812704919,"Norenzayan et al. (2002)",39,"Yes"
0.898388937678736,0.916910867974519,0.626173668451785,0.0151429164713601,"Norenzayan et al. (2002)",39,"Yes"
0.882601982749258,NA,NA,0.0100401116947302,"Norenzayan et al. (2002)",39,"Yes"
0.889854726819663,0.908549419049291,0.676535902829661,0.0153651294207849,"Norenzayan et al. (2002)",39,"Yes"
0.846374435973836,0.867010185882867,0.599263098159896,0.0178203446170866,"Norenzayan et al. (2002)",39,"Yes"
0.879232893338068,0.899623978126169,0.565793923101265,0.0156189087946709,"Norenzayan et al. (2002)",39,"Yes"
0.898303581849881,0.910393190439997,0.761147007578969,0.00507102693200243,"Norenzayan et al. (2002)",39,"Yes"
0.858314995836125,0.878258587620209,0.65450558577322,0.0108485598729894,"Norenzayan et al. (2002)",39,"Yes"
0.723228712108805,NA,NA,0.0207177448731,"Norenzayan et al. (2002)",39,"Yes"
0.863257988143334,0.888794426496086,0.550688875381001,0.0206893720834101,"Norenzayan et al. (2002)",39,"Yes"
0.915352388468362,0.928331329464713,0.775802314739867,0.00843251285588088,"Norenzayan et al. (2002)",39,"Yes"
0.843677426374768,0.870090360753746,0.575430354601667,0.0250614424949736,"Norenzayan et al. (2002)",39,"Yes"
0.895863419207916,0.915124260143192,0.616245670095394,0.0160497825676392,"Norenzayan et al. (2002)",39,"Yes"
0.806022785949487,0.845204156890296,0.602136345078384,0.0352322886170474,"Norenzayan et al. (2002)",39,"Yes"
0.846706179104929,0.869789973987094,0.658026391747722,0.0165146171409971,"Norenzayan et al. (2002)",39,"Yes"
0.835828407702013,0.858371963054124,0.724153296648164,0.01834483076965,"Norenzayan et al. (2002)",39,"Yes"
0.874450676717599,0.896813894242251,0.674505223617084,0.0196781712046329,"Norenzayan et al. (2002)",39,"Yes"
0.891033889862385,0.912301485030393,0.651075201345525,0.0137634907139689,"Norenzayan et al. (2002)",39,"Yes"
0.911111573343721,0.935268176753376,0.574294441791355,0.0239652282264104,"Norenzayan et al. (2002)",39,"Yes"
0.885704679246854,0.904785131062717,0.766140527585829,0.0174881884430982,"Norenzayan et al. (2002)",39,"Yes"
0.861793688983491,NA,NA,0.022902157055865,"Norenzayan et al. (2002)",39,"Yes"
0.791782325286512,NA,NA,0.0300025039489826,"Norenzayan et al. (2002)",39,"Yes"
0.921561488532466,0.936920481318438,0.708532505531059,0.0130127746347009,"Norenzayan et al. (2002)",39,"Yes"
0.910428716698075,0.923741212341637,0.73815767395544,0.0117900499424547,"Norenzayan et al. (2002)",39,"Yes"
0.830383255144707,0.859441536071067,0.674111553496796,0.0260979495146841,"Norenzayan et al. (2002)",39,"Yes"
0.821466894491789,0.850597327927321,0.433886037173257,0.028367068604463,"Norenzayan et al. (2002)",39,"Yes"
0.886955384243571,0.909237790680252,0.668773569629015,0.0185964380324861,"Norenzayan et al. (2002)",39,"Yes"
0.863658829262849,0.885554359197772,0.599267062009682,0.021709360848725,"Norenzayan et al. (2002)",39,"Yes"
0.493906641331209,0.631011135560332,0.172671061833648,0.118263412564653,"Norenzayan et al. (2002)",39,"Yes"
-0.546874198771879,NA,NA,0.716599207593433,"Norenzayan et al. (2002)",39,"Yes"
0.878397614776859,0.895802176491891,0.606997444428782,0.0187271753889337,"Norenzayan et al. (2002)",39,"Yes"
0.858918182282803,0.885091615422404,0.532241593945121,0.0231566347021994,"Norenzayan et al. (2002)",39,"Yes"
0.836535962678845,0.857987225477999,0.588165740393795,0.0169785444795773,"Norenzayan et al. (2002)",39,"Yes"
0.841225969533191,0.866822350080517,0.406910691231278,0.0255995533293499,"Norenzayan et al. (2002)",39,"Yes"
0.858524185980864,0.883158172280447,0.603178001255634,0.022980268469553,"Norenzayan et al. (2002)",39,"Yes"
0.845070429002798,0.870363371215552,0.626801989550075,0.0227907179434602,"Norenzayan et al. (2002)",39,"Yes"
0.870403669681179,0.89484047647979,0.611429701782969,0.020155921113787,"Norenzayan et al. (2002)",39,"Yes"
0.879822134226324,0.902337953009968,0.576403843426953,0.0166333814322429,"Norenzayan et al. (2002)",39,"Yes"
0.798719052799481,NA,NA,0.0227327190923113,"Norenzayan et al. (2002)",39,"Yes"
0.913066535105039,0.923464041940557,0.809264128740918,0.0073116007892434,"Norenzayan et al. (2002)",39,"Yes"
0.688502638900176,0.826527016622675,0.456888834543509,0.041014515425733,"Zhong & Lijenquist (2006)",42,"No"
0.591570940826073,NA,NA,0.105301689395467,"Zhong & Lijenquist (2006)",42,"No"
0.806842725156501,NA,NA,0.0355476240443634,"Zhong & Lijenquist (2006)",42,"No"
0.692861559124945,NA,NA,0.037418891059165,"Zhong & Lijenquist (2006)",42,"No"
0.793446401770012,0.860240200134017,0.724373965528873,0.0451755173332506,"Zhong & Lijenquist (2006)",42,"No"
0.790149141874196,0.86206514267484,0.552177552277932,0.0271787161519532,"Zhong & Lijenquist (2006)",42,"No"
0.739642758794219,0.831922488369187,0.645200593968045,0.0409734914413179,"Zhong & Lijenquist (2006)",42,"No"
0.730760443631619,NA,NA,0.0637158847909029,"Zhong & Lijenquist (2006)",42,"No"
0.776847046243154,NA,NA,0.0401642552226263,"Zhong & Lijenquist (2006)",42,"No"
0.812815737185965,NA,NA,0.0303441275225993,"Zhong & Lijenquist (2006)",42,"No"
0.69674097433943,0.770981902755187,0.549094355967871,0.0438339066586055,"Zhong & Lijenquist (2006)",42,"No"
0.634269349317347,0.748465303290177,0.574683187188011,0.0585663147828317,"Zhong & Lijenquist (2006)",42,"No"
0.764562152225772,NA,NA,0.0367498448615268,"Zhong & Lijenquist (2006)",42,"No"
0.710329741721255,0.784288260543977,0.535724704739785,0.0499114686573999,"Zhong & Lijenquist (2006)",42,"No"
0.698096375907966,0.798384820476633,0.526611664794181,0.0469600525861379,"Zhong & Lijenquist (2006)",42,"No"
0.699907372725607,0.815324292254766,0.567380090464724,0.0557505279230421,"Zhong & Lijenquist (2006)",42,"No"
0.704228660683225,NA,NA,0.0917644789193541,"Zhong & Lijenquist (2006)",42,"No"
0.722607994192943,0.810333333374708,0.515127625921034,0.0441101994259723,"Zhong & Lijenquist (2006)",42,"No"
0.734370533540682,NA,NA,0.0536520546619072,"Zhong & Lijenquist (2006)",42,"No"
0.658499744023626,0.75701787330559,0.577194504028686,0.0546609400138377,"Zhong & Lijenquist (2006)",42,"No"
0.723676644216378,NA,NA,0.0269527307664896,"Zhong & Lijenquist (2006)",42,"No"
0.613630372685919,0.75235147862064,0.306980840519281,0.0600023459844797,"Zhong & Lijenquist (2006)",42,"No"
0.621182131841256,0.703557350778107,0.511420822347459,0.0524816452065852,"Zhong & Lijenquist (2006)",42,"No"
0.694542321459162,0.781048974754345,0.398037388856454,0.0454059272960759,"Zhong & Lijenquist (2006)",42,"No"
0.827849511009366,NA,NA,0.0101634289088076,"Zhong & Lijenquist (2006)",42,"No"
0.743752057604548,0.794159620014462,0.61480767337563,0.0222821827121191,"Zhong & Lijenquist (2006)",42,"No"
0.697712583187873,0.767711803936214,0.580785958874578,0.0269697573519752,"Zhong & Lijenquist (2006)",42,"No"
0.71558428365354,NA,NA,0.0498336894580061,"Zhong & Lijenquist (2006)",42,"No"
0.653638051413397,0.735771670569859,0.561909608978727,0.0390145913108903,"Zhong & Lijenquist (2006)",42,"No"
0.672321394360068,0.77932694761866,0.548607228148554,0.0560476527308541,"Zhong & Lijenquist (2006)",42,"No"
0.507677191773257,0.79782861297934,0.362834932142409,0.0849700333244902,"Zhong & Lijenquist (2006)",42,"No"
0.709445937825213,NA,NA,0.0722066084770493,"Zhong & Lijenquist (2006)",42,"No"
0.651979982031499,0.788115012613665,0.293110274769102,0.0634553605387875,"Zhong & Lijenquist (2006)",42,"No"
0.815491038198499,0.862866748659555,0.703396658203712,0.0237706959840685,"Zhong & Lijenquist (2006)",42,"No"
0.75757376429938,NA,NA,0.0298712187361937,"Zhong & Lijenquist (2006)",42,"No"
0.747566049056473,NA,NA,0.0473647460115281,"Zhong & Lijenquist (2006)",42,"No"
0.801256151835019,NA,NA,0.0272189552543602,"Zhong & Lijenquist (2006)",42,"No"
0.671455242328852,0.768031825581443,0.638770471347081,0.095256875871523,"Zhong & Lijenquist (2006)",42,"No"
0.775823649520307,NA,NA,0.0411332196503656,"Zhong & Lijenquist (2006)",42,"No"
0.663541810617938,0.79443464522495,0.501258645149629,0.0639122887095945,"Zhong & Lijenquist (2006)",42,"No"
0.712275654512453,0.791022379797316,0.469980686493797,0.0455759850360085,"Zhong & Lijenquist (2006)",42,"No"
0.754671855857209,0.849657696210335,0.609140707769023,0.0433924073272552,"Zhong & Lijenquist (2006)",42,"No"
0.764429146495993,NA,NA,0.0361003453434385,"Zhong & Lijenquist (2006)",42,"No"
0.643053580023317,0.754785584128612,0.41934470930132,0.0612606968974274,"Zhong & Lijenquist (2006)",42,"No"
0.716241893913339,NA,NA,0.0508292592630296,"Zhong & Lijenquist (2006)",42,"No"
0.656755659740208,NA,NA,0.0590267525838685,"Zhong & Lijenquist (2006)",42,"No"
0.641418632554285,NA,NA,0.114432676317317,"Zhong & Lijenquist (2006)",42,"No"
0.234385297581848,NA,NA,0.644424646098211,"Zhong & Lijenquist (2006)",42,"No"
0.717488938740602,0.815778869290605,0.361270112006528,0.0456626747860762,"Zhong & Lijenquist (2006)",42,"No"
0.795289681926246,NA,NA,0.0352592524805652,"Zhong & Lijenquist (2006)",42,"No"
0.71529431269389,0.783658995068377,0.626080756278621,0.0355149627411316,"Zhong & Lijenquist (2006)",42,"No"
0.686448803557631,0.794222301847941,0.312813298601202,0.0570122807665047,"Zhong & Lijenquist (2006)",42,"No"
0.777242441924588,0.854973425631576,0.660324833378834,0.0434699446312456,"Zhong & Lijenquist (2006)",42,"No"
0.800100099203262,0.827679816976799,0.76203755310274,0.0334967108063668,"Zhong & Lijenquist (2006)",42,"No"
0.747459359337203,0.825796948721146,0.524342957085743,0.0419103099320991,"Zhong & Lijenquist (2006)",42,"No"
0.703881225217501,0.807423463554816,0.37929112986968,0.0480857182650687,"Zhong & Lijenquist (2006)",42,"No"
0.699662659505249,0.785594295571593,0.511722218585045,0.040594986425083,"Zhong & Lijenquist (2006)",42,"No"
0.704956073912438,0.780774554030443,0.466207803824889,0.028560430829183,"Zhong & Lijenquist (2006)",42,"No"
0.7501046521939,NA,NA,0.0620972358542592,"Monin & Miller (2001), most",51,"No"
0.40887889631872,NA,NA,0.126842924034521,"Monin & Miller (2001), most",51,"No"
0.783765009571586,NA,NA,0.06992050581699,"Monin & Miller (2001), most",51,"No"
0.725820924288147,NA,NA,0.0715165375972165,"Monin & Miller (2001), most",51,"No"
0.650357699851609,NA,NA,0.0986219694577084,"Monin & Miller (2001), most",51,"No"
0.522340325516282,0.60015432777144,0.551150566516769,0.0445641354907412,"Monin & Miller (2001), most",51,"No"
0.457973294942239,0.656081628263187,0.412010118615356,0.0968454054718806,"Monin & Miller (2001), most",51,"No"
0.733408129232156,NA,NA,0.0205482283692425,"Monin & Miller (2001), most",51,"No"
0.469447197170553,0.532942818932535,0.281745005568219,0.0804123996162577,"Monin & Miller (2001), most",51,"No"
0.537179610410825,NA,NA,0.0922003758258968,"Monin & Miller (2001), most",51,"No"
0.644431583198718,NA,NA,0.0688172857452353,"Monin & Miller (2001), most",51,"No"
0.560122325711347,NA,NA,0.104372442249751,"Monin & Miller (2001), most",51,"No"
0.704336426493798,0.779251494873723,0.676929249670102,0.0487263231054057,"Monin & Miller (2001), most",51,"No"
0.622399253105137,NA,NA,0.0506611308767205,"Monin & Miller (2001), most",51,"No"
0.651525097858277,NA,NA,0.0819003335890976,"Monin & Miller (2001), most",51,"No"
0.439922707424922,NA,NA,0.0733505539294419,"Monin & Miller (2001), most",51,"No"
0.514146594328711,NA,NA,0.0691533337539772,"Monin & Miller (2001), most",51,"No"
0.340282422007405,NA,NA,0.147929415787869,"Monin & Miller (2001), most",51,"No"
0.461735098874071,0.665101803251393,0.340708326325716,0.115041884392239,"Monin & Miller (2001), most",51,"No"
0.42913768455832,NA,NA,0.0841403683841288,"Monin & Miller (2001), most",51,"No"
0.690311916152131,NA,NA,0.0742535626779258,"Monin & Miller (2001), most",51,"No"
0.769137545941697,0.826889845213464,0.602154313566218,0.0567043672784365,"Monin & Miller (2001), some",51,"No"
0.693330091900791,0.759378170282192,0.541287669303937,0.0667059112372078,"Monin & Miller (2001), some",51,"No"
0.558319869792928,0.718488348617639,0.534146197971539,0.150343049256517,"Monin & Miller (2001), some",51,"No"
0.774023900456684,NA,NA,0.051749470484885,"Monin & Miller (2001), some",51,"No"
0.697383870281235,0.793943886282872,0.529504584328292,0.0668276084488467,"Monin & Miller (2001), some",51,"No"
0.628137226052637,NA,NA,0.0463761329459646,"Monin & Miller (2001), some",51,"No"
0.622289466830512,0.738474738747808,0.330170296451598,0.0764996119543892,"Monin & Miller (2001), some",51,"No"
0.729482421224072,NA,NA,0.0233945149811196,"Monin & Miller (2001), some",51,"No"
0.302859238548202,0.474712664722029,0.228326212891269,0.14386835887931,"Monin & Miller (2001), some",51,"No"
0.751650648450427,NA,NA,0.0418827829964004,"Monin & Miller (2001), some",51,"No"
0.593779118955909,0.739397460638754,0.251098729617104,0.0928896565696166,"Monin & Miller (2001), some",51,"No"
0.577956577282827,NA,NA,0.0792110610458159,"Monin & Miller (2001), some",51,"No"
0.651566052829325,NA,NA,0.0673052880520449,"Monin & Miller (2001), some",51,"No"
0.570524633750701,0.662444842519216,0.441861089112924,0.0724402454288602,"Monin & Miller (2001), some",51,"No"
0.746487855245449,NA,NA,0.0472003925561189,"Monin & Miller (2001), some",51,"No"
0.558896685543958,0.664251313535663,0.602028701651618,0.0599711810638043,"Monin & Miller (2001), some",51,"No"
0.7664462855635,NA,NA,0.0457155241074097,"Monin & Miller (2001), some",51,"No"
0.672783670159228,0.750387936589217,0.463628444849673,0.0759096978503465,"Monin & Miller (2001), some",51,"No"
0.52144520950512,NA,NA,0.139433385508158,"Monin & Miller (2001), some",51,"No"
0.65750912975154,NA,NA,0.0544312594285362,"Monin & Miller (2001), some",51,"No"
0.603736348344466,NA,NA,0.0894898379797031,"Monin & Miller (2001), some",51,"No"
0.896818780301785,NA,NA,0.0181240061238157,"Cacioppo et al. (1983), arg",59,"No"
0.833595576536049,NA,NA,0.0241378160239258,"Cacioppo et al. (1983), arg",59,"No"
0.907180035529738,NA,NA,0.0212972967123124,"Cacioppo et al. (1983), arg",59,"No"
0.868145022466931,NA,NA,0.0220214392936947,"Cacioppo et al. (1983), arg",59,"No"
0.850678288733092,0.864555081560171,0.837679331997398,0.0246657863421981,"Cacioppo et al. (1983), arg",59,"No"
0.846554107374519,0.875134282502325,0.809962502982048,0.0232743000174024,"Cacioppo et al. (1983), arg",59,"No"
0.837837258956431,0.883332331459487,0.789777344063651,0.0224038651012233,"Cacioppo et al. (1983), arg",59,"No"
0.891493175405454,0.901582777920737,0.867322648604666,0.0148272479085673,"Cacioppo et al. (1983), arg",59,"No"
0.825614876930964,0.869837650281993,0.763950888129085,0.0224617610878522,"Cacioppo et al. (1983), arg",59,"No"
0.872247663972193,NA,NA,0.0202172070405076,"Cacioppo et al. (1983), arg",59,"No"
0.877780215844338,NA,NA,0.0185436103677851,"Cacioppo et al. (1983), arg",59,"No"
0.90393435461374,NA,NA,0.0129851308468377,"Cacioppo et al. (1983), arg",59,"No"
0.840466369782036,0.871094705293012,0.756975990117311,0.019380099396461,"Cacioppo et al. (1983), arg",59,"No"
0.87188883336529,0.908652624065994,0.775625684303035,0.0186215690227169,"Cacioppo et al. (1983), arg",59,"No"
0.900950476497998,NA,NA,0.0101769313336612,"Cacioppo et al. (1983), arg",59,"No"
0.906799096181088,0.933225958063614,0.814473512042944,0.0127045339698742,"Cacioppo et al. (1983), arg",59,"No"
0.866946401912322,NA,NA,0.0224422201771262,"Cacioppo et al. (1983), arg",59,"No"
0.91530446129711,NA,NA,0.0148099160191,"Cacioppo et al. (1983), arg",59,"No"
0.873060691127974,NA,NA,0.0144053836703133,"Cacioppo et al. (1983), arg",59,"No"
0.905446449828522,0.919587045211902,0.855318887019848,0.0156853397628174,"Cacioppo et al. (1983), arg",59,"No"
0.0653267581428457,NA,NA,0.154949072497698,"Cacioppo et al. (1983), nfc",60,"No"
-0.21539681224658,0.747112433836765,0.286716772558696,0.180350722179991,"Cacioppo et al. (1983), nfc",60,"No"
-0.517068180855731,0.774558150473766,0.499616755352166,0.346879026103385,"Cacioppo et al. (1983), nfc",60,"No"
-0.0994219913241721,NA,NA,0.184786827610619,"Cacioppo et al. (1983), nfc",60,"No"
0.370555180961898,0.696279657209998,0.275844082351773,0.103952842921333,"Cacioppo et al. (1983), nfc",60,"No"
-0.199074246859708,0.740845445089138,0.483159008742028,0.10821979920793,"Cacioppo et al. (1983), nfc",60,"No"
-0.157653368548297,0.7575590836123,0.323126812484042,0.159773409995623,"Cacioppo et al. (1983), nfc",60,"No"
-0.304054143796079,0.866009240156215,0.71373430160222,0.0909593625197411,"Cacioppo et al. (1983), nfc",60,"No"
-0.29975278940045,0.766563645970729,0.580353756077971,0.180368826755514,"Cacioppo et al. (1983), nfc",60,"No"
-0.0681484759884461,NA,NA,0.138283284643734,"Cacioppo et al. (1983), nfc",60,"No"
0.0219859427035535,0.789526365543279,0.464169614103197,0.152213696355842,"Cacioppo et al. (1983), nfc",60,"No"
0.214336113275853,0.508849363512847,0.370714120050688,0.114054084245368,"Cacioppo et al. (1983), nfc",60,"No"
0.0909405202179756,0.671326269530113,0.24064933418244,0.119957269075479,"Cacioppo et al. (1983), nfc",60,"No"
-0.00860063235716355,0.765675696622915,0.544774654836415,0.122141397592321,"Cacioppo et al. (1983), nfc",60,"No"
-0.309741931669969,0.727662046509657,0.302159368691507,0.191781454432141,"Cacioppo et al. (1983), nfc",60,"No"
-0.0359394495787788,0.677846101220554,0.453402411055651,0.105456162139505,"Cacioppo et al. (1983), nfc",60,"No"
-0.646649164416464,0.695029898091193,0.427358560141026,0.226407158001399,"Cacioppo et al. (1983), nfc",60,"No"
-0.117719205145521,0.754417344549605,0.422220678237101,0.187719809679426,"Cacioppo et al. (1983), nfc",60,"No"
-0.101678303913314,0.643109376250784,0.33576530144011,0.191010606349193,"Cacioppo et al. (1983), nfc",60,"No"
-0.470638317514396,NA,NA,0.174212772277185,"Cacioppo et al. (1983), nfc",60,"No"
-0.194351527423804,0.69109792083432,0.479472418105843,0.188239935370819,"Cacioppo et al. (1983), nfc",60,"No"
-0.0861225639503682,NA,NA,0.182364028318926,"De Fruyt et al. (2000)",61,"No"
-0.00447200276556003,NA,NA,0.175208645839499,"De Fruyt et al. (2000)",61,"No"
-0.910306694134557,NA,NA,0.483508071058579,"De Fruyt et al. (2000)",61,"No"
-0.476536325871759,NA,NA,0.276879185694818,"De Fruyt et al. (2000)",61,"No"
0.355361231818507,NA,NA,0.130366311695359,"De Fruyt et al. (2000)",61,"No"
0.00351797680912758,NA,NA,0.105149019021067,"De Fruyt et al. (2000)",61,"No"
-0.378585080069272,NA,NA,0.21110519908116,"De Fruyt et al. (2000)",61,"No"
-0.688036806514727,NA,NA,0.125108469255231,"De Fruyt et al. (2000)",61,"No"
0.0254687021595659,NA,NA,0.144030663684813,"De Fruyt et al. (2000)",61,"No"
-0.641952380262372,NA,NA,0.249133937823663,"De Fruyt et al. (2000)",61,"No"
0.246018026199286,NA,NA,0.139748013716081,"De Fruyt et al. (2000)",61,"No"
-0.103870649633453,NA,NA,0.194753199201293,"De Fruyt et al. (2000)",61,"No"
0.0388051371781593,NA,NA,0.154450766951334,"De Fruyt et al. (2000)",61,"No"
-0.104918394666585,NA,NA,0.150385345091259,"De Fruyt et al. (2000)",61,"No"
0.216107838305725,NA,NA,0.13885537241588,"De Fruyt et al. (2000)",61,"No"
-0.214901674545429,NA,NA,0.144912653522307,"De Fruyt et al. (2000)",61,"No"
-0.247841489456544,NA,NA,0.189804177111805,"De Fruyt et al. (2000)",61,"No"
-0.252687732907868,NA,NA,0.209087374443317,"De Fruyt et al. (2000)",61,"No"
-0.188312837464936,NA,NA,0.264786427507009,"De Fruyt et al. (2000)",61,"No"
-0.135410257863041,NA,NA,0.151110421247827,"De Fruyt et al. (2000)",61,"No"
-0.435066361024388,NA,NA,0.260909346627979,"De Fruyt et al. (2000)",61,"No"
0.619399843760273,0.700040085565855,0.325278266978934,0.0606799853327826,"Albarracn et al. (2008), exp 5 verb",65,"No"
0.457158253157874,NA,NA,0.0582298542011063,"Albarracn et al. (2008), exp 5 verb",65,"No"
0.447656704235248,NA,NA,0.0707463800496403,"Albarracn et al. (2008), exp 5 verb",65,"No"
0.579443674633912,NA,NA,0.0650396350107898,"Albarracn et al. (2008), exp 5 verb",65,"No"
0.621949512726553,0.731778920859221,0.46527094231203,0.0663449945389796,"Albarracn et al. (2008), exp 5 math",66,"No"
0.443687203224349,0.607348305433713,0.248485306146346,0.0649391105645066,"Albarracn et al. (2008), exp 5 math",66,"No"
0.599641856700745,0.673246442541384,0.547022098787629,0.0564549450419957,"Albarracn et al. (2008), exp 5 math",66,"No"
0.440276618483213,0.62980143179757,0.248871727021095,0.092211419895154,"Albarracn et al. (2008), exp 5 math",66,"No"
0.871628356875361,0.910832436931127,0.741183711248932,0.00702432241642634,"Shnabel & Nadler (2008)",74,"Yes"
0.883863710664665,0.920895598519776,0.73552851923295,0.010316154355825,"Shnabel & Nadler (2008)",74,"Yes"
0.869515994109937,NA,NA,0.00761373322716128,"Shnabel & Nadler (2008)",74,"Yes"
0.866512178432144,0.907864795624983,0.699222335547781,0.00601499782623569,"Shnabel & Nadler (2008)",74,"Yes"
0.886907470319753,0.920353262627605,0.693816656210464,0.00829537140095743,"Shnabel & Nadler (2008)",74,"Yes"
0.866216277512842,0.908131512099741,0.729297356674369,0.00731746769077839,"Shnabel & Nadler (2008)",74,"Yes"
0.885497863751649,0.919902944299569,0.740330024773502,0.0063479730923788,"Shnabel & Nadler (2008)",74,"Yes"
0.879827263533073,0.924894282895909,0.69265271767557,0.0062187006738834,"Shnabel & Nadler (2008)",74,"Yes"
0.541257759875399,0.695514115796051,0.541163514358241,0.0768596097861304,"Vohs & Schooler (2008)",76,"Yes"
0.652203945743646,NA,NA,0.0583420941573903,"Vohs & Schooler (2008)",76,"Yes"
0.541092452888034,NA,NA,0.0874803692904547,"Vohs & Schooler (2008)",76,"Yes"
0.610762801489238,NA,NA,0.066492684296021,"Vohs & Schooler (2008)",76,"Yes"
0.565705933199413,0.774122101552139,0.434574963138969,0.0814030866803106,"Vohs & Schooler (2008)",76,"Yes"
