"alpha","omega","ASE","tau","QEp","pi.lb","pi.ub","g","reporting_index"
0.670862372833916,0.682478910619845,0.0717283376348596,0.0397261948947183,9.20452561489405e-07,0.669342767128911,0.83074717523462,"1",10
0.540264206375197,0.568095933727744,0.0763684689321847,0.0397261948947183,9.20452561489405e-07,0.669342767128911,0.83074717523462,"1",10
0.63372950056889,0.646979745442889,0.0801796618525405,0.0397261948947183,9.20452561489405e-07,0.669342767128911,0.83074717523462,"1",10
0.824861494856483,0.828334077039711,0.0470221220946013,0.0397261948947183,9.20452561489405e-07,0.669342767128911,0.83074717523462,"1",10
0.762201732345695,0.764737876997784,0.0581019480888546,0.0397261948947183,9.20452561489405e-07,0.669342767128911,0.83074717523462,"1",10
0.57425645510323,0.581011077994977,0.0828425633979895,0.0397261948947183,9.20452561489405e-07,0.669342767128911,0.83074717523462,"1",10
0.798417830574717,0.804098159387077,0.0526425049789219,0.0397261948947183,9.20452561489405e-07,0.669342767128911,0.83074717523462,"1",10
0.783350845803944,0.78416826818124,0.039051995751215,0.0397261948947183,9.20452561489405e-07,0.669342767128911,0.83074717523462,"1",10
0.69421422215391,0.701903254354028,0.0592891255975489,0.0397261948947183,9.20452561489405e-07,0.669342767128911,0.83074717523462,"1",10
0.751247325057398,0.752768968943814,0.0526212048485679,0.0397261948947183,9.20452561489405e-07,0.669342767128911,0.83074717523462,"1",10
0.71239461129229,0.716287913096909,0.036531967820525,0.0397261948947183,9.20452561489405e-07,0.669342767128911,0.83074717523462,"1",10
0.776579726410255,0.778097679127808,0.0436263065632912,0.0397261948947183,9.20452561489405e-07,0.669342767128911,0.83074717523462,"1",10
0.762190754684011,0.7673366034184,0.0561498049315399,0.0397261948947183,9.20452561489405e-07,0.669342767128911,0.83074717523462,"1",10
0.765342258495626,0.776499124487261,0.0572394860535848,0.0397261948947183,9.20452561489405e-07,0.669342767128911,0.83074717523462,"1",10
0.860891986383893,0.864728054731253,0.0128472854227422,0.0397261948947183,9.20452561489405e-07,0.669342767128911,0.83074717523462,"1",10
0.770445173456177,0.774074847615181,0.0520545380765834,0.0397261948947183,9.20452561489405e-07,0.669342767128911,0.83074717523462,"1",10
0.79189980547887,0.80267028674017,0.0462234465669768,0.0397261948947183,9.20452561489405e-07,0.669342767128911,0.83074717523462,"1",10
0.762726916493496,0.770139051969241,0.0150137392014264,0.0397261948947183,9.20452561489405e-07,0.669342767128911,0.83074717523462,"1",10
0.639720045219229,0.649501381753561,0.0741233138629424,0.0397261948947183,9.20452561489405e-07,0.669342767128911,0.83074717523462,"1",10
0.68501833106706,0.700463166395164,0.0642801239506849,0.0397261948947183,9.20452561489405e-07,0.669342767128911,0.83074717523462,"1",10
0.699269004250834,0.715562562595299,0.0679779355646461,0.0397261948947183,9.20452561489405e-07,0.669342767128911,0.83074717523462,"1",10
0.773307534469614,0.779254873780304,0.0408971930632655,0.0397261948947183,9.20452561489405e-07,0.669342767128911,0.83074717523462,"1",10
0.606201229401197,0.619809824102992,0.0926679055417837,0.0397261948947183,9.20452561489405e-07,0.669342767128911,0.83074717523462,"1",10
0.722871894572149,0.726578009730514,0.0461682660193693,0.0397261948947183,9.20452561489405e-07,0.669342767128911,0.83074717523462,"1",10
0.719405939623437,0.723888047596806,0.044771806155589,0.0397261948947183,9.20452561489405e-07,0.669342767128911,0.83074717523462,"1",10
0.751502109442334,0.758518119611734,0.0610716892910098,0.0397261948947183,9.20452561489405e-07,0.669342767128911,0.83074717523462,"1",10
0.767467388833218,0.773021999486745,0.0351212657168075,0.0397261948947183,9.20452561489405e-07,0.669342767128911,0.83074717523462,"1",10
0.786467662486231,0.791815949762174,0.0567229570472114,0.0397261948947183,9.20452561489405e-07,0.669342767128911,0.83074717523462,"1",10
0.75231632508717,0.764300665550541,0.0498838869539173,0.0397261948947183,9.20452561489405e-07,0.669342767128911,0.83074717523462,"1",10
0.758919941518485,0.764062145361998,0.0473631153342442,0.0397261948947183,9.20452561489405e-07,0.669342767128911,0.83074717523462,"1",10
0.748299389723586,0.75284596651008,0.0625554195779694,0.0397261948947183,9.20452561489405e-07,0.669342767128911,0.83074717523462,"1",10
0.717862845617074,0.72727739604688,0.0610691614622857,0.0397261948947183,9.20452561489405e-07,0.669342767128911,0.83074717523462,"1",10
0.652896562634314,0.663717707515569,0.0725241559718686,0.0397261948947183,9.20452561489405e-07,0.669342767128911,0.83074717523462,"1",10
0.754170896634614,0.768162294027457,0.0542438748751813,0.0397261948947183,9.20452561489405e-07,0.669342767128911,0.83074717523462,"1",10
0.814563352649132,0.817722974094425,0.0485820737836647,0.0397261948947183,9.20452561489405e-07,0.669342767128911,0.83074717523462,"1",10
0.747020859116424,0.760112223616159,0.05952598591801,0.0397261948947183,9.20452561489405e-07,0.669342767128911,0.83074717523462,"1",10
0.839801279016686,0.84481319261127,0.0739020060720747,0,0.999929514587128,0.816722645747484,0.850363470202865,"2",11
0.863857662488446,0.864625726252066,0.0570539872921383,0,0.999929514587128,0.816722645747484,0.850363470202865,"2",11
0.716054648570049,0.72532300823152,0.0920871840815861,0,0.999929514587128,0.816722645747484,0.850363470202865,"2",11
0.808828991319099,0.816262447893168,0.0745841308052039,0,0.999929514587128,0.816722645747484,0.850363470202865,"2",11
0.877681940040306,0.880078501272319,0.0624388546870454,0,0.999929514587128,0.816722645747484,0.850363470202865,"2",11
0.814545041463948,0.816523554991556,0.069393864641658,0,0.999929514587128,0.816722645747484,0.850363470202865,"2",11
0.857485344620882,0.858389160360842,0.0690899296347063,0,0.999929514587128,0.816722645747484,0.850363470202865,"2",11
0.844391886910667,0.846651924955988,0.0514507940797807,0,0.999929514587128,0.816722645747484,0.850363470202865,"2",11
0.67594245821983,0.682412667566037,0.0844828723325104,0,0.999929514587128,0.816722645747484,0.850363470202865,"2",11
0.866151129495588,0.867327462290022,0.059783843456704,0,0.999929514587128,0.816722645747484,0.850363470202865,"2",11
0.835379504706569,0.83699210527016,0.0408741128904396,0,0.999929514587128,0.816722645747484,0.850363470202865,"2",11
0.809617034898786,0.811770398958212,0.0592014552340179,0,0.999929514587128,0.816722645747484,0.850363470202865,"2",11
0.847554419318313,0.848246561956692,0.0670807988161833,0,0.999929514587128,0.816722645747484,0.850363470202865,"2",11
0.83036352893712,0.833361254797845,0.075916544604047,0,0.999929514587128,0.816722645747484,0.850363470202865,"2",11
0.85190031941235,0.853928729320545,0.0204674383456652,0,0.999929514587128,0.816722645747484,0.850363470202865,"2",11
0.850743757153069,0.852178919272572,0.0630645861778896,0,0.999929514587128,0.816722645747484,0.850363470202865,"2",11
0.779731037385288,0.782275362497828,0.0695083702141169,0,0.999929514587128,0.816722645747484,0.850363470202865,"2",11
0.830573579174224,0.832375865230851,0.0189166196664422,0,0.999929514587128,0.816722645747484,0.850363470202865,"2",11
0.810330964739647,0.813068945524731,0.0740159514438434,0,0.999929514587128,0.816722645747484,0.850363470202865,"2",11
0.855565031777132,0.856522748711386,0.0652071633265157,0,0.999929514587128,0.816722645747484,0.850363470202865,"2",11
0.854240749877311,0.855603728385713,0.0694571293362931,0,0.999929514587128,0.816722645747484,0.850363470202865,"2",11
0.842798562424887,0.846651574728441,0.0529887241293752,0,0.999929514587128,0.816722645747484,0.850363470202865,"2",11
0.767868010263424,0.769495964762732,0.085865699008892,0,0.999929514587128,0.816722645747484,0.850363470202865,"2",11
0.807163449879803,0.808483242789874,0.0565571796016461,0,0.999929514587128,0.816722645747484,0.850363470202865,"2",11
0.855832254753303,0.858799275896049,0.0480600522193976,0,0.999929514587128,0.816722645747484,0.850363470202865,"2",11
0.843074660618963,0.846055065198586,0.07125640887099,0,0.999929514587128,0.816722645747484,0.850363470202865,"2",11
0.813601095781664,0.816200472141251,0.0471373874465051,0,0.999929514587128,0.816722645747484,0.850363470202865,"2",11
0.810758592772975,0.813679225080263,0.0807685078437264,0,0.999929514587128,0.816722645747484,0.850363470202865,"2",11
0.797160008428543,0.801034379645177,0.0654303334703136,0,0.999929514587128,0.816722645747484,0.850363470202865,"2",11
0.839877796875676,0.840074394123141,0.0555704731581078,0,0.999929514587128,0.816722645747484,0.850363470202865,"2",11
0.825397305333935,0.826951191029707,0.0771010918499331,0,0.999929514587128,0.816722645747484,0.850363470202865,"2",11
0.840539791932715,0.844864107588931,0.0647389855967609,0,0.999929514587128,0.816722645747484,0.850363470202865,"2",11
0.830012743992173,0.833494799249239,0.0705768630761576,0,0.999929514587128,0.816722645747484,0.850363470202865,"2",11
0.855686038016209,0.858260572733576,0.063468736884993,0,0.999929514587128,0.816722645747484,0.850363470202865,"2",11
0.733161719816349,0.74109229350923,0.0890247839750083,0,0.999929514587128,0.816722645747484,0.850363470202865,"2",11
0.845519500795362,0.848610449499097,0.0713337591747679,0,0.999929514587128,0.816722645747484,0.850363470202865,"2",11
0.90137358234932,0.906881249157684,0.0448023850729328,0,0.989511137014642,0.892631184250816,0.91317085850453,"3",14
0.802031982026998,0.826498341035159,0.051769113942823,0,0.989511137014642,0.892631184250816,0.91317085850453,"3",14
0.851990849325151,0.859967286479913,0.0536443775251852,0,0.989511137014642,0.892631184250816,0.91317085850453,"3",14
0.897163390203077,0.89934579834227,0.0434250278461769,0,0.989511137014642,0.892631184250816,0.91317085850453,"3",14
0.902014263317479,0.902684424192023,0.0426380985570704,0,0.989511137014642,0.892631184250816,0.91317085850453,"3",14
0.946372096380941,0.946664774432553,0.0344493432515289,0,0.989511137014642,0.892631184250816,0.91317085850453,"3",14
0.895220869394405,0.897292848867837,0.046009716184111,0,0.989511137014642,0.892631184250816,0.91317085850453,"3",14
0.938838328240234,0.939927600402535,0.0272289197875128,0,0.989511137014642,0.892631184250816,0.91317085850453,"3",14
0.903963995869659,0.907346037201771,0.0391384411375395,0,0.989511137014642,0.892631184250816,0.91317085850453,"3",14
0.91202874826962,0.913487470733562,0.0385593709982341,0,0.989511137014642,0.892631184250816,0.91317085850453,"3",14
0.895885718901882,0.897953885991393,0.0258998267563954,0,0.989511137014642,0.892631184250816,0.91317085850453,"3",14
0.879891058750667,0.882163820096351,0.0366559064564396,0,0.989511137014642,0.892631184250816,0.91317085850453,"3",14
0.918705731239966,0.921558021250473,0.0390618600447577,0,0.989511137014642,0.892631184250816,0.91317085850453,"3",14
0.888423961026633,0.891878473252797,0.0487502023089449,0,0.989511137014642,0.892631184250816,0.91317085850453,"3",14
0.916384210931716,0.918405632027994,0.0123809060283647,0,0.989511137014642,0.892631184250816,0.91317085850453,"3",14
0.901496528286716,0.902321678005833,0.0404372518730864,0,0.989511137014642,0.892631184250816,0.91317085850453,"3",14
0.891571505967656,0.896775580129493,0.0394667221526107,0,0.989511137014642,0.892631184250816,0.91317085850453,"3",14
0.887586252378524,0.889441766236261,0.0120393331197632,0,0.989511137014642,0.892631184250816,0.91317085850453,"3",14
0.913450821939635,0.920026947521927,0.0407104234329445,0,0.989511137014642,0.892631184250816,0.91317085850453,"3",14
0.884247880808947,0.885973716222935,0.0434316685404526,0,0.989511137014642,0.892631184250816,0.91317085850453,"3",14
0.915519988772925,0.916603653304879,0.0430506673409023,0,0.989511137014642,0.892631184250816,0.91317085850453,"3",14
0.873335123944926,0.875941751735468,0.0365236763451362,0,0.989511137014642,0.892631184250816,0.91317085850453,"3",14
0.909934293216649,0.911374663589441,0.0478773561423527,0,0.989511137014642,0.892631184250816,0.91317085850453,"3",14
0.868454579215023,0.872390746336413,0.0372853233081207,0,0.989511137014642,0.892631184250816,0.91317085850453,"3",14
0.914458212960242,0.916633439124322,0.0287788352812614,0,0.989511137014642,0.892631184250816,0.91317085850453,"3",14
0.909163087731574,0.91473647245528,0.0424794787850175,0,0.989511137014642,0.892631184250816,0.91317085850453,"3",14
0.940610880429134,0.942007788889705,0.0239570780197593,0,0.989511137014642,0.892631184250816,0.91317085850453,"3",14
0.90614691912875,0.90794574803839,0.0460377308249673,0,0.989511137014642,0.892631184250816,0.91317085850453,"3",14
0.917677671935855,0.920737832251618,0.0349970235006043,0,0.989511137014642,0.892631184250816,0.91317085850453,"3",14
0.911727262905449,0.915486659673945,0.0334164474932194,0,0.989511137014642,0.892631184250816,0.91317085850453,"3",14
0.902427870836046,0.904049575007103,0.0469603762804945,0,0.989511137014642,0.892631184250816,0.91317085850453,"3",14
0.849501811618408,0.854880825512466,0.0486711296158634,0,0.989511137014642,0.892631184250816,0.91317085850453,"3",14
0.90155525274275,0.903607772012506,0.0423549129001893,0,0.989511137014642,0.892631184250816,0.91317085850453,"3",14
0.905804365282239,0.907720758921859,0.0399403244618114,0,0.989511137014642,0.892631184250816,0.91317085850453,"3",14
0.892304171569755,0.895011145411178,0.0459889906056164,0,0.989511137014642,0.892631184250816,0.91317085850453,"3",14
0.85435865567043,0.859563191382771,0.0536218966636716,0,0.989511137014642,0.892631184250816,0.91317085850453,"3",14
0.952657542327082,0.954026668554612,0.0366023278293722,0,0.999999999896781,0.943960971413494,0.960570370293668,"4",14
0.925042934343505,0.927519314589495,0.0343526777345796,0,0.999999999896781,0.943960971413494,0.960570370293668,"4",14
0.948758624811117,0.949727757781137,0.0366809040458918,0,0.999999999896781,0.943960971413494,0.960570370293668,"4",14
0.944957486402987,0.945996901204571,0.0357962649940472,0,0.999999999896781,0.943960971413494,0.960570370293668,"4",14
0.968599518852012,0.969056843336415,0.0317710971631684,0,0.999999999896781,0.943960971413494,0.960570370293668,"4",14
0.944651920262691,0.94576161367334,0.0344029284297639,0,0.999999999896781,0.943960971413494,0.960570370293668,"4",14
0.958733396526577,0.959099803439259,0.0342029151360238,0,0.999999999896781,0.943960971413494,0.960570370293668,"4",14
0.966248774642401,0.96660607030854,0.0239004352369676,0,0.999999999896781,0.943960971413494,0.960570370293668,"4",14
0.959864322259164,0.960877175259809,0.0304241194837564,0,0.999999999896781,0.943960971413494,0.960570370293668,"4",14
0.934215495247974,0.936834097088247,0.034687489679636,0,0.999999999896781,0.943960971413494,0.960570370293668,"4",14
0.945177496803796,0.946251131386146,0.0211288475199299,0,0.999999999896781,0.943960971413494,0.960570370293668,"4",14
0.954116140167971,0.95525090143854,0.0279731066503342,0,0.999999999896781,0.943960971413494,0.960570370293668,"4",14
0.950706886877594,0.951394922040911,0.0342525578961319,0,0.999999999896781,0.943960971413494,0.960570370293668,"4",14
0.949037122231689,0.950940391898685,0.0371302476932923,0,0.999999999896781,0.943960971413494,0.960570370293668,"4",14
0.955215260591212,0.955749486761829,0.0104941076282255,0,0.999999999896781,0.943960971413494,0.960570370293668,"4",14
0.941730399889513,0.943006619567267,0.0343771576565003,0,0.999999999896781,0.943960971413494,0.960570370293668,"4",14
0.933648935552928,0.936580124941809,0.0330586417863495,0,0.999999999896781,0.943960971413494,0.960570370293668,"4",14
0.955133806606057,0.955724246389263,0.00917997109811456,0,0.999999999896781,0.943960971413494,0.960570370293668,"4",14
0.958298895521174,0.958465788443011,0.0335507949632298,0,0.999999999896781,0.943960971413494,0.960570370293668,"4",14
0.957133094858815,0.95729443811551,0.0319905091622388,0,0.999999999896781,0.943960971413494,0.960570370293668,"4",14
0.956851421551873,0.958596092045077,0.0355118338424843,0,0.999999999896781,0.943960971413494,0.960570370293668,"4",14
0.955510382757829,0.956130590768057,0.0261556727693537,0,0.999999999896781,0.943960971413494,0.960570370293668,"4",14
0.957009923895991,0.957601846967433,0.037233035042786,0,0.999999999896781,0.943960971413494,0.960570370293668,"4",14
0.94968493015283,0.950022788877429,0.0260383613067579,0,0.999999999896781,0.943960971413494,0.960570370293668,"4",14
0.951759463775973,0.952865601884729,0.0244347364318178,0,0.999999999896781,0.943960971413494,0.960570370293668,"4",14
0.939013108843371,0.939672960940849,0.0383537365052469,0,0.999999999896781,0.943960971413494,0.960570370293668,"4",14
0.956713843367751,0.957397662727531,0.0219438976952507,0,0.999999999896781,0.943960971413494,0.960570370293668,"4",14
0.911284672650215,0.915176407029164,0.0447978880864451,0,0.999999999896781,0.943960971413494,0.960570370293668,"4",14
0.94838802772956,0.950153977901162,0.0301921385074872,0,0.999999999896781,0.943960971413494,0.960570370293668,"4",14
0.959219426573013,0.959725601141729,0.0269923169234419,0,0.999999999896781,0.943960971413494,0.960570370293668,"4",14
0.931935171082868,0.934181762195821,0.0402952995118907,0,0.999999999896781,0.943960971413494,0.960570370293668,"4",14
0.957441261655043,0.95835009274494,0.0319852503672669,0,0.999999999896781,0.943960971413494,0.960570370293668,"4",14
0.94812611824216,0.949265825227739,0.0350393410614387,0,0.999999999896781,0.943960971413494,0.960570370293668,"4",14
0.948519707842213,0.949069752698372,0.034372248807835,0,0.999999999896781,0.943960971413494,0.960570370293668,"4",14
0.961969779917209,0.962571343191068,0.0338058756956366,0,0.999999999896781,0.943960971413494,0.960570370293668,"4",14
0.923996031795775,0.925416626206504,0.0415025531257275,0,0.999999999896781,0.943960971413494,0.960570370293668,"4",14
0.840636199894356,0.844208922533886,0.0614102183442451,0.00314288862818944,0.999077383937587,0.838601395469763,0.867548490762455,"5",29
0.840271575518767,0.850728630194317,0.0908246103053943,0.00314288862818944,0.999077383937587,0.838601395469763,0.867548490762455,"5",29
0.825049517318441,0.832106600058985,0.0672993829582658,0.00314288862818944,0.999077383937587,0.838601395469763,0.867548490762455,"5",29
0.87690838197286,0.879444948055199,0.042635792842475,0.00314288862818944,0.999077383937587,0.838601395469763,0.867548490762455,"5",29
0.826229261615329,0.832391133329978,0.0583411860142675,0.00314288862818944,0.999077383937587,0.838601395469763,0.867548490762455,"5",29
0.838216745998782,0.841394794372753,0.0706442789966621,0.00314288862818944,0.999077383937587,0.838601395469763,0.867548490762455,"5",29
0.857695269094318,0.858970598709184,0.0678137762986798,0.00314288862818944,0.999077383937587,0.838601395469763,0.867548490762455,"5",29
0.806810787968411,0.810773635518388,0.0574880034180813,0.00314288862818944,0.999077383937587,0.838601395469763,0.867548490762455,"5",29
0.867808121446408,0.870596174778605,0.0555217218455742,0.00314288862818944,0.999077383937587,0.838601395469763,0.867548490762455,"5",29
0.365083296797509,0.51069314010086,0.274373410314451,0.00314288862818944,0.999077383937587,0.838601395469763,0.867548490762455,"5",29
0.860769064396093,0.864449232246229,0.0568386337585719,0.00314288862818944,0.999077383937587,0.838601395469763,0.867548490762455,"5",29
0.791324130321782,0.806536148519554,0.0688765454159775,0.00314288862818944,0.999077383937587,0.838601395469763,0.867548490762455,"5",29
0.580457260406659,0.608455198005933,0.19301795917178,0.00314288862818944,0.999077383937587,0.838601395469763,0.867548490762455,"5",29
0.881780023471563,0.883397843470021,0.0462223681900747,0.00314288862818944,0.999077383937587,0.838601395469763,0.867548490762455,"5",29
0.880089174919025,0.881078883714951,0.0510758580781483,0.00314288862818944,0.999077383937587,0.838601395469763,0.867548490762455,"5",29
0.69262904564295,0.723454691866248,0.190453703235441,0.00314288862818944,0.999077383937587,0.838601395469763,0.867548490762455,"5",29
0.860471681047155,0.862925351591766,0.05235904533989,0.00314288862818944,0.999077383937587,0.838601395469763,0.867548490762455,"5",29
0.899820861550735,0.904769366247668,0.0911846010912464,0.00314288862818944,0.999077383937587,0.838601395469763,0.867548490762455,"5",29
0.77244713735957,0.781634612906063,0.0566772031559821,0.00314288862818944,0.999077383937587,0.838601395469763,0.867548490762455,"5",29
0.875988259783475,0.877128487769783,0.0584072454007753,0.00314288862818944,0.999077383937587,0.838601395469763,0.867548490762455,"5",29
0.873336022566402,0.875488677737187,0.0736514741682504,0.00314288862818944,0.999077383937587,0.838601395469763,0.867548490762455,"5",29
0.697084334364869,0.714976122865045,0.167497411437905,0.00314288862818944,0.999077383937587,0.838601395469763,0.867548490762455,"5",29
0.894129040186206,0.897014192948986,0.0537269639692933,0.00314288862818944,0.999077383937587,0.838601395469763,0.867548490762455,"5",29
0.86671971053511,0.868276143214936,0.0500888927699555,0.00314288862818944,0.999077383937587,0.838601395469763,0.867548490762455,"5",29
0.812466378399281,0.821020515800419,0.0588163327178002,0.00314288862818944,0.999077383937587,0.838601395469763,0.867548490762455,"5",29
0.80428995912977,0.80794287465164,0.0599233657994058,0.00314288862818944,0.999077383937587,0.838601395469763,0.867548490762455,"5",29
0.823009541988151,0.823988437305348,0.0708860425897079,0.00314288862818944,0.999077383937587,0.838601395469763,0.867548490762455,"5",29
0.578121781365746,0.638040795462198,0.184234139170524,0.00314288862818944,0.999077383937587,0.838601395469763,0.867548490762455,"5",29
0.825490045544574,0.838506157632033,0.122484201599353,0.00314288862818944,0.999077383937587,0.838601395469763,0.867548490762455,"5",29
0.929517485794785,0.932130337873923,0.0245267199942906,0.00314288862818944,0.999077383937587,0.838601395469763,0.867548490762455,"5",29
0.873406795860568,0.876242287717204,0.0283191282145106,0.00314288862818944,0.999077383937587,0.838601395469763,0.867548490762455,"5",29
0.830503562735016,0.833565946753246,0.0864071908279225,0.00314288862818944,0.999077383937587,0.838601395469763,0.867548490762455,"5",29
0.83934506887882,0.849451324818914,0.0652130161869986,0.00314288862818944,0.999077383937587,0.838601395469763,0.867548490762455,"5",29
0.870549047313582,0.888259695750898,0.0730366770570847,0.00314288862818944,0.999077383937587,0.838601395469763,0.867548490762455,"5",29
0.847081733290975,0.851321350499615,0.0694457009962113,0.00314288862818944,0.999077383937587,0.838601395469763,0.867548490762455,"5",29
0.672088589928754,0.691372321369926,0.0941476652803796,0.00314288862818944,0.999077383937587,0.838601395469763,0.867548490762455,"5",29
0.864932784674913,0.878166758397281,0.0879577113391672,0.00314288862818944,0.999077383937587,0.838601395469763,0.867548490762455,"5",29
0.813694065834074,0.817194318228887,0.0631729969712441,0.00314288862818944,0.999077383937587,0.838601395469763,0.867548490762455,"5",29
0.789540699187589,0.796117906700628,0.0993438092356377,0.00314288862818944,0.999077383937587,0.838601395469763,0.867548490762455,"5",29
0.793087642948852,0.801481640115997,0.0674519973642371,0.00314288862818944,0.999077383937587,0.838601395469763,0.867548490762455,"5",29
0.827706527361136,0.833805611610056,0.0642577195561797,0.00314288862818944,0.999077383937587,0.838601395469763,0.867548490762455,"5",29
0.863058079335702,0.868340322326296,0.0585658172718985,0.00314288862818944,0.999077383937587,0.838601395469763,0.867548490762455,"5",29
0.856122319294826,0.860109923957103,0.0619913193436362,0.00314288862818944,0.999077383937587,0.838601395469763,0.867548490762455,"5",29
0.845309932054247,0.846824178548144,0.0630992875039378,0.00314288862818944,0.999077383937587,0.838601395469763,0.867548490762455,"5",29
0.756984039933756,0.766566886919869,0.0605586667760524,0.00314288862818944,0.999077383937587,0.838601395469763,0.867548490762455,"5",29
0.843124733452905,0.84710767033688,0.0447353495824282,0.00314288862818944,0.999077383937587,0.838601395469763,0.867548490762455,"5",29
0.754772361252518,0.757724895044121,0.0931576560616624,0.00314288862818944,0.999077383937587,0.838601395469763,0.867548490762455,"5",29
0.860201683266176,0.868420051203914,0.0571269413232436,0.00314288862818944,0.999077383937587,0.838601395469763,0.867548490762455,"5",29
0.885926632152342,0.889673640133487,0.0512442059976772,0.00314288862818944,0.999077383937587,0.838601395469763,0.867548490762455,"5",29
0.882067512703948,0.88553042406327,0.0519950588629651,0.00314288862818944,0.999077383937587,0.838601395469763,0.867548490762455,"5",29
0.824955797688535,0.82851377439359,0.0687893892959408,0.00314288862818944,0.999077383937587,0.838601395469763,0.867548490762455,"5",29
0.816478948773047,0.827010636997169,0.0633038880578715,0.00314288862818944,0.999077383937587,0.838601395469763,0.867548490762455,"5",29
0.840193267907882,0.844387932328609,0.0308653143433558,0.00314288862818944,0.999077383937587,0.838601395469763,0.867548490762455,"5",29
0.870382447861447,0.871544184595183,0.0560090458347353,0.00314288862818944,0.999077383937587,0.838601395469763,0.867548490762455,"5",29
0.834441019802311,0.838339665646661,0.0641968975933174,0.00314288862818944,0.999077383937587,0.838601395469763,0.867548490762455,"5",29
0.900457016051317,0.902058582019756,0.0615434263213842,0.00314288862818944,0.999077383937587,0.838601395469763,0.867548490762455,"5",29
0.884457073669576,0.886531488630887,0.0524309735033253,0.00314288862818944,0.999077383937587,0.838601395469763,0.867548490762455,"5",29
0.88717203966869,0.89037642741269,0.0549826291934036,0.00314288862818944,0.999077383937587,0.838601395469763,0.867548490762455,"5",29
0.842472225844813,0.845076793501241,0.0543246253525967,0.00314288862818944,0.999077383937587,0.838601395469763,0.867548490762455,"5",29
0.841336403913905,0.844410574417034,0.0400857215715358,0.00314288862818944,0.999077383937587,0.838601395469763,0.867548490762455,"5",29
0.855479616580538,0.856344029187766,0.0582162932646422,0.00314288862818944,0.999077383937587,0.838601395469763,0.867548490762455,"5",29
0.86010973196668,0.8645545888097,0.0457161325360018,0.00314288862818944,0.999077383937587,0.838601395469763,0.867548490762455,"5",29
0.839456371187304,0.843870229506963,0.0645596134475079,0.00314288862818944,0.999077383937587,0.838601395469763,0.867548490762455,"5",29
0.785650023490224,0.798432664741617,0.112040121912002,0.00314288862818944,0.999077383937587,0.838601395469763,0.867548490762455,"5",29
0.846416918919128,0.850883242489479,0.0620346409366854,0.00314288862818944,0.999077383937587,0.838601395469763,0.867548490762455,"5",29
0.836097666561283,0.837616491420115,0.0607825429675747,0.00314288862818944,0.999077383937587,0.838601395469763,0.867548490762455,"5",29
0.835148941211577,0.840919292670326,0.0580010079110798,0.00314288862818944,0.999077383937587,0.838601395469763,0.867548490762455,"5",29
0.849912505174349,0.855036442069635,0.0588305719074993,0.00314288862818944,0.999077383937587,0.838601395469763,0.867548490762455,"5",29
0.867485424571273,0.877182665145305,0.0570042048179517,0.00314288862818944,0.999077383937587,0.838601395469763,0.867548490762455,"5",29
0.846381563042521,0.850675749900477,0.0517350996131369,0.00314288862818944,0.999077383937587,0.838601395469763,0.867548490762455,"5",29
0.845990133853546,0.853346873077431,0.0469481194921495,0.00314288862818944,0.999077383937587,0.838601395469763,0.867548490762455,"5",29
0.896853336199959,0.898511488712965,0.0544478112596007,0.00314288862818944,0.999077383937587,0.838601395469763,0.867548490762455,"5",29
0.808904096384993,0.814014224706446,0.0634112960912338,0.00314288862818944,0.999077383937587,0.838601395469763,0.867548490762455,"5",29
0.842187203331948,0.846790566163713,0.0628418254545125,0.00314288862818944,0.999077383937587,0.838601395469763,0.867548490762455,"5",29
0.826127296043095,0.832559007451748,0.0432646951087134,0,0.867461804808005,0.87844972008838,0.893455380572585,"6",30
0.873528149822051,0.875217636909817,0.0554834896923995,0,0.867461804808005,0.87844972008838,0.893455380572585,"6",30
0.885307213007951,0.887864936539039,0.0361647622129442,0,0.867461804808005,0.87844972008838,0.893455380572585,"6",30
0.876576202533507,0.878697193344974,0.0276508873605241,0,0.867461804808005,0.87844972008838,0.893455380572585,"6",30
0.838651315521367,0.846098813167585,0.0373982990142332,0,0.867461804808005,0.87844972008838,0.893455380572585,"6",30
0.84826106802959,0.855326264382644,0.046222026304881,0,0.867461804808005,0.87844972008838,0.893455380572585,"6",30
0.862436339876234,0.87124230383045,0.0429372362592041,0,0.867461804808005,0.87844972008838,0.893455380572585,"6",30
0.893766873024095,0.897645819497101,0.0291295654983772,0,0.867461804808005,0.87844972008838,0.893455380572585,"6",30
0.896730770094336,0.898660243931814,0.0304648255568382,0,0.867461804808005,0.87844972008838,0.893455380572585,"6",30
0.790978652175796,0.796131672653763,0.136914824480704,0,0.867461804808005,0.87844972008838,0.893455380572585,"6",30
0.872729162038896,0.876112464682324,0.0351049901828125,0,0.867461804808005,0.87844972008838,0.893455380572585,"6",30
0.843504170614586,0.849341292034637,0.0405323660504892,0,0.867461804808005,0.87844972008838,0.893455380572585,"6",30
0.844352603227978,0.850228940257353,0.0769245286852789,0,0.867461804808005,0.87844972008838,0.893455380572585,"6",30
0.877816964473018,0.880248482904066,0.0298729438027134,0,0.867461804808005,0.87844972008838,0.893455380572585,"6",30
0.953349875667774,0.953748937838045,0.0219480633640203,0,0.867461804808005,0.87844972008838,0.893455380572585,"6",30
0.897696594044852,0.912720979232803,0.071310566131365,0,0.867461804808005,0.87844972008838,0.893455380572585,"6",30
0.870256640111063,0.877548782851408,0.0333551855109608,0,0.867461804808005,0.87844972008838,0.893455380572585,"6",30
0.816448422955653,0.83134761006254,0.079419257242333,0,0.867461804808005,0.87844972008838,0.893455380572585,"6",30
0.862987664699935,0.867057273462617,0.0296485911821331,0,0.867461804808005,0.87844972008838,0.893455380572585,"6",30
0.89453784047778,0.897158140546803,0.0342728912627811,0,0.867461804808005,0.87844972008838,0.893455380572585,"6",30
0.906126710083122,0.907992429576654,0.0408535202077657,0,0.867461804808005,0.87844972008838,0.893455380572585,"6",30
0.881068487496804,0.885909624666987,0.0728900625104747,0,0.867461804808005,0.87844972008838,0.893455380572585,"6",30
0.886005105458562,0.889433190485208,0.0342778730346552,0,0.867461804808005,0.87844972008838,0.893455380572585,"6",30
0.793748201900825,0.806396462839582,0.0422306497282079,0,0.867461804808005,0.87844972008838,0.893455380572585,"6",30
0.799871334767776,0.80949279389964,0.0419328303271556,0,0.867461804808005,0.87844972008838,0.893455380572585,"6",30
0.895168226701984,0.896490182833513,0.0291823754188255,0,0.867461804808005,0.87844972008838,0.893455380572585,"6",30
0.929692874947527,0.930641621888793,0.0297264739634445,0,0.867461804808005,0.87844972008838,0.893455380572585,"6",30
0.833688201230908,0.838797517160545,0.0783397173529522,0,0.867461804808005,0.87844972008838,0.893455380572585,"6",30
0.859919920556694,0.866951567770641,0.0755344521760287,0,0.867461804808005,0.87844972008838,0.893455380572585,"6",30
0.903481130372698,0.906534570862301,0.0163323055671402,0,0.867461804808005,0.87844972008838,0.893455380572585,"6",30
0.880134736402691,0.880963278680938,0.0177998131728507,0,0.867461804808005,0.87844972008838,0.893455380572585,"6",30
0.908772161812931,0.913117971817982,0.0398268313931262,0,0.867461804808005,0.87844972008838,0.893455380572585,"6",30
0.850654095163071,0.857917675587738,0.0413094227608075,0,0.867461804808005,0.87844972008838,0.893455380572585,"6",30
0.849772408180009,0.851545315419548,0.0519546430049012,0,0.867461804808005,0.87844972008838,0.893455380572585,"6",30
0.919252592502165,0.922509159038287,0.0325125355423098,0,0.867461804808005,0.87844972008838,0.893455380572585,"6",30
0.881094319666581,0.882418216585037,0.0382563615410906,0,0.867461804808005,0.87844972008838,0.893455380572585,"6",30
0.846415123140812,0.857277757173314,0.0636197198210535,0,0.867461804808005,0.87844972008838,0.893455380572585,"6",30
0.915954222919125,0.916765746181459,0.0279280960465416,0,0.867461804808005,0.87844972008838,0.893455380572585,"6",30
0.859079381975133,0.864787304303375,0.0538454167419722,0,0.867461804808005,0.87844972008838,0.893455380572585,"6",30
0.854636480312295,0.858022226328843,0.0376417681464667,0,0.867461804808005,0.87844972008838,0.893455380572585,"6",30
0.880020543160428,0.886604157640465,0.0352759872136833,0,0.867461804808005,0.87844972008838,0.893455380572585,"6",30
0.922773679583312,0.92359193056319,0.0284819095672493,0,0.867461804808005,0.87844972008838,0.893455380572585,"6",30
0.909812344470801,0.910891406758941,0.0325714178506611,0,0.867461804808005,0.87844972008838,0.893455380572585,"6",30
0.909694723723974,0.910654076699558,0.0312110566257645,0,0.867461804808005,0.87844972008838,0.893455380572585,"6",30
0.805633648748918,0.807907528984322,0.0379343420845419,0,0.867461804808005,0.87844972008838,0.893455380572585,"6",30
0.892632833516295,0.894989930982477,0.023760906951825,0,0.867461804808005,0.87844972008838,0.893455380572585,"6",30
0.88638939538791,0.890348980186029,0.0408980344462277,0,0.867461804808005,0.87844972008838,0.893455380572585,"6",30
0.87595848981422,0.879050662511701,0.0355928711811276,0,0.867461804808005,0.87844972008838,0.893455380572585,"6",30
0.90381196522336,0.904934990458926,0.0298081945488947,0,0.867461804808005,0.87844972008838,0.893455380572585,"6",30
0.871339969865429,0.874360379784464,0.0342490714458292,0,0.867461804808005,0.87844972008838,0.893455380572585,"6",30
0.844494180405842,0.847313407083992,0.0428204016009922,0,0.867461804808005,0.87844972008838,0.893455380572585,"6",30
0.844990300421875,0.847726294893682,0.037323828543128,0,0.867461804808005,0.87844972008838,0.893455380572585,"6",30
0.894203814220838,0.895624518516368,0.0165676815071374,0,0.867461804808005,0.87844972008838,0.893455380572585,"6",30
0.915038189474813,0.916337566021938,0.0291685337348126,0,0.867461804808005,0.87844972008838,0.893455380572585,"6",30
0.906458930888977,0.907451564245585,0.0316436185115851,0,0.867461804808005,0.87844972008838,0.893455380572585,"6",30
0.910312521991503,0.912294513291742,0.0361028244439448,0,0.867461804808005,0.87844972008838,0.893455380572585,"6",30
0.874023163647212,0.880123657235815,0.0339904945896151,0,0.867461804808005,0.87844972008838,0.893455380572585,"6",30
0.833081792073034,0.841668038592546,0.0413983780928711,0,0.867461804808005,0.87844972008838,0.893455380572585,"6",30
0.888622991827175,0.891075848868608,0.0289992677659145,0,0.867461804808005,0.87844972008838,0.893455380572585,"6",30
0.899360141690501,0.901665050143007,0.0208661924605108,0,0.867461804808005,0.87844972008838,0.893455380572585,"6",30
0.892187548167627,0.894964829095775,0.0327418967948819,0,0.867461804808005,0.87844972008838,0.893455380572585,"6",30
0.866031628305556,0.868150018480986,0.0292823037283227,0,0.867461804808005,0.87844972008838,0.893455380572585,"6",30
0.832271484088738,0.846184712673965,0.0438027242162305,0,0.867461804808005,0.87844972008838,0.893455380572585,"6",30
0.855494202130611,0.860497780590188,0.0606738885004247,0,0.867461804808005,0.87844972008838,0.893455380572585,"6",30
0.905651034710516,0.90688659642937,0.0315436997648421,0,0.867461804808005,0.87844972008838,0.893455380572585,"6",30
0.872824830563141,0.876573438882237,0.0346260479712181,0,0.867461804808005,0.87844972008838,0.893455380572585,"6",30
0.90532628984639,0.907162311647396,0.0290094521648264,0,0.867461804808005,0.87844972008838,0.893455380572585,"6",30
0.87728753689573,0.880230216704664,0.0334510529430733,0,0.867461804808005,0.87844972008838,0.893455380572585,"6",30
0.915517087629269,0.917022879059114,0.0287545333548362,0,0.867461804808005,0.87844972008838,0.893455380572585,"6",30
0.888831663190093,0.890151201061272,0.028878806311744,0,0.867461804808005,0.87844972008838,0.893455380572585,"6",30
0.86847621476964,0.873147851921983,0.0286590319536805,0,0.867461804808005,0.87844972008838,0.893455380572585,"6",30
0.907907897702644,0.910306153046835,0.0307052161250695,0,0.867461804808005,0.87844972008838,0.893455380572585,"6",30
0.813703995889617,0.819521561831835,0.0431363303359902,0,0.867461804808005,0.87844972008838,0.893455380572585,"6",30
0.844276886348215,0.85162313834032,0.0458052644916004,0,0.867461804808005,0.87844972008838,0.893455380572585,"6",30
0.828056169005174,NA,0.0428731596917103,0.0200390831886293,0.0340086205524469,0.840941476321918,0.921700400860844,"7",31
0.920088750470432,NA,0.0446586786359005,0.0200390831886293,0.0340086205524469,0.840941476321918,0.921700400860844,"7",31
0.912907537739471,NA,0.0327691531538452,0.0200390831886293,0.0340086205524469,0.840941476321918,0.921700400860844,"7",31
0.880417373693757,NA,0.026582087081961,0.0200390831886293,0.0340086205524469,0.840941476321918,0.921700400860844,"7",31
0.80548095990765,NA,0.0430269961209965,0.0200390831886293,0.0340086205524469,0.840941476321918,0.921700400860844,"7",31
0.901884746341902,NA,0.039262831952066,0.0200390831886293,0.0340086205524469,0.840941476321918,0.921700400860844,"7",31
0.871659819647039,NA,0.0436075947251713,0.0200390831886293,0.0340086205524469,0.840941476321918,0.921700400860844,"7",31
0.9006253529653,NA,0.0282023516059311,0.0200390831886293,0.0340086205524469,0.840941476321918,0.921700400860844,"7",31
0.889999556292613,NA,0.0343835976982071,0.0200390831886293,0.0340086205524469,0.840941476321918,0.921700400860844,"7",31
0.798212673292077,NA,0.14119681068552,0.0200390831886293,0.0340086205524469,0.840941476321918,0.921700400860844,"7",31
0.852369659656643,NA,0.0393201271333587,0.0200390831886293,0.0340086205524469,0.840941476321918,0.921700400860844,"7",31
0.829430718042735,NA,0.0401742087255669,0.0200390831886293,0.0340086205524469,0.840941476321918,0.921700400860844,"7",31
0.791883894153199,NA,0.106514613601882,0.0200390831886293,0.0340086205524469,0.840941476321918,0.921700400860844,"7",31
0.833350913004,NA,0.0357808766232758,0.0200390831886293,0.0340086205524469,0.840941476321918,0.921700400860844,"7",31
0.928049591444771,NA,0.0255845261394612,0.0200390831886293,0.0340086205524469,0.840941476321918,0.921700400860844,"7",31
0.819664631275421,NA,0.098392459951615,0.0200390831886293,0.0340086205524469,0.840941476321918,0.921700400860844,"7",31
0.928220513427724,NA,0.0249426008018027,0.0200390831886293,0.0340086205524469,0.840941476321918,0.921700400860844,"7",31
0.842910307895527,NA,0.0743599701789053,0.0200390831886293,0.0340086205524469,0.840941476321918,0.921700400860844,"7",31
0.879132875847354,NA,0.0277728993588972,0.0200390831886293,0.0340086205524469,0.840941476321918,0.921700400860844,"7",31
0.891519069148106,NA,0.0349145302356232,0.0200390831886293,0.0340086205524469,0.840941476321918,0.921700400860844,"7",31
0.788128584212699,NA,0.0625221644791735,0.0200390831886293,0.0340086205524469,0.840941476321918,0.921700400860844,"7",31
0.708546649027556,NA,0.123873357876457,0.0200390831886293,0.0340086205524469,0.840941476321918,0.921700400860844,"7",31
0.905408270193733,NA,0.0311801797960982,0.0200390831886293,0.0340086205524469,0.840941476321918,0.921700400860844,"7",31
0.877977089974593,NA,0.0317525514491517,0.0200390831886293,0.0340086205524469,0.840941476321918,0.921700400860844,"7",31
0.912972715750567,NA,0.0267255666127632,0.0200390831886293,0.0340086205524469,0.840941476321918,0.921700400860844,"7",31
0.825763886719022,NA,0.0394955466829041,0.0200390831886293,0.0340086205524469,0.840941476321918,0.921700400860844,"7",31
0.902331912667955,NA,0.0347875426143386,0.0200390831886293,0.0340086205524469,0.840941476321918,0.921700400860844,"7",31
0.902954600086388,NA,0.057299944915999,0.0200390831886293,0.0340086205524469,0.840941476321918,0.921700400860844,"7",31
0.846634807522063,NA,0.0813833848774357,0.0200390831886293,0.0340086205524469,0.840941476321918,0.921700400860844,"7",31
0.933911494746314,NA,0.0144327645410442,0.0200390831886293,0.0340086205524469,0.840941476321918,0.921700400860844,"7",31
0.92789398924354,NA,0.0140114116025488,0.0200390831886293,0.0340086205524469,0.840941476321918,0.921700400860844,"7",31
0.785274851974534,NA,0.0665210047431529,0.0200390831886293,0.0340086205524469,0.840941476321918,0.921700400860844,"7",31
0.873306011979999,NA,0.0378311593665537,0.0200390831886293,0.0340086205524469,0.840941476321918,0.921700400860844,"7",31
0.912641371677103,NA,0.0388208046341438,0.0200390831886293,0.0340086205524469,0.840941476321918,0.921700400860844,"7",31
0.862446690131693,NA,0.0429134645555435,0.0200390831886293,0.0340086205524469,0.840941476321918,0.921700400860844,"7",31
0.805654793058489,NA,0.0514722916871815,0.0200390831886293,0.0340086205524469,0.840941476321918,0.921700400860844,"7",31
0.910731394998471,NA,0.0470438994819155,0.0200390831886293,0.0340086205524469,0.840941476321918,0.921700400860844,"7",31
0.875516591918503,NA,0.0352664505649018,0.0200390831886293,0.0340086205524469,0.840941476321918,0.921700400860844,"7",31
0.886787477745061,NA,0.0506418024732125,0.0200390831886293,0.0340086205524469,0.840941476321918,0.921700400860844,"7",31
0.852645607025128,NA,0.041015455763796,0.0200390831886293,0.0340086205524469,0.840941476321918,0.921700400860844,"7",31
0.879989479793396,NA,0.0358283810466458,0.0200390831886293,0.0340086205524469,0.840941476321918,0.921700400860844,"7",31
0.8916242381753,NA,0.0341572630399802,0.0200390831886293,0.0340086205524469,0.840941476321918,0.921700400860844,"7",31
0.821204489447368,NA,0.0470391478604429,0.0200390831886293,0.0340086205524469,0.840941476321918,0.921700400860844,"7",31
0.833028445802041,NA,0.0449265386724659,0.0200390831886293,0.0340086205524469,0.840941476321918,0.921700400860844,"7",31
0.823809434503778,NA,0.0355664291949007,0.0200390831886293,0.0340086205524469,0.840941476321918,0.921700400860844,"7",31
0.86162551478858,NA,0.0283136844982935,0.0200390831886293,0.0340086205524469,0.840941476321918,0.921700400860844,"7",31
0.884528031919911,NA,0.0405205173582004,0.0200390831886293,0.0340086205524469,0.840941476321918,0.921700400860844,"7",31
0.837796635691378,NA,0.0421046981098274,0.0200390831886293,0.0340086205524469,0.840941476321918,0.921700400860844,"7",31
0.887742016098798,NA,0.0334773166237549,0.0200390831886293,0.0340086205524469,0.840941476321918,0.921700400860844,"7",31
0.684916174792759,NA,0.0620249567610157,0.0200390831886293,0.0340086205524469,0.840941476321918,0.921700400860844,"7",31
0.820696802097638,NA,0.0473648626067864,0.0200390831886293,0.0340086205524469,0.840941476321918,0.921700400860844,"7",31
0.868082451165773,NA,0.0355062275271175,0.0200390831886293,0.0340086205524469,0.840941476321918,0.921700400860844,"7",31
0.874070746911682,NA,0.0182043710223539,0.0200390831886293,0.0340086205524469,0.840941476321918,0.921700400860844,"7",31
0.904118084763793,NA,0.0317652395307905,0.0200390831886293,0.0340086205524469,0.840941476321918,0.921700400860844,"7",31
0.880541553178097,NA,0.0358949471572562,0.0200390831886293,0.0340086205524469,0.840941476321918,0.921700400860844,"7",31
0.942833719843679,NA,0.0304011728576623,0.0200390831886293,0.0340086205524469,0.840941476321918,0.921700400860844,"7",31
0.864209221934486,NA,0.0366076107756576,0.0200390831886293,0.0340086205524469,0.840941476321918,0.921700400860844,"7",31
0.889003919752068,NA,0.0330655623022501,0.0200390831886293,0.0340086205524469,0.840941476321918,0.921700400860844,"7",31
0.831571297050804,NA,0.035303788693773,0.0200390831886293,0.0340086205524469,0.840941476321918,0.921700400860844,"7",31
0.871359305185386,NA,0.0236301055520134,0.0200390831886293,0.0340086205524469,0.840941476321918,0.921700400860844,"7",31
0.88989916372284,NA,0.0345076189852245,0.0200390831886293,0.0340086205524469,0.840941476321918,0.921700400860844,"7",31
0.8941611325859,NA,0.025875718011597,0.0200390831886293,0.0340086205524469,0.840941476321918,0.921700400860844,"7",31
0.846820787999485,NA,0.0422382641685567,0.0200390831886293,0.0340086205524469,0.840941476321918,0.921700400860844,"7",31
0.857754189685599,NA,0.0609955844107311,0.0200390831886293,0.0340086205524469,0.840941476321918,0.921700400860844,"7",31
0.869874841273733,NA,0.0381640956750985,0.0200390831886293,0.0340086205524469,0.840941476321918,0.921700400860844,"7",31
0.846621490131473,NA,0.0402471564026283,0.0200390831886293,0.0340086205524469,0.840941476321918,0.921700400860844,"7",31
0.927371798644319,NA,0.0258588334689537,0.0200390831886293,0.0340086205524469,0.840941476321918,0.921700400860844,"7",31
0.839069714794302,NA,0.0418007063868778,0.0200390831886293,0.0340086205524469,0.840941476321918,0.921700400860844,"7",31
0.932560495166645,NA,0.0263083257153175,0.0200390831886293,0.0340086205524469,0.840941476321918,0.921700400860844,"7",31
0.837509537071771,NA,0.0366761868125678,0.0200390831886293,0.0340086205524469,0.840941476321918,0.921700400860844,"7",31
0.889939412489664,NA,0.0267000472080964,0.0200390831886293,0.0340086205524469,0.840941476321918,0.921700400860844,"7",31
0.886179324111511,NA,0.034348050623926,0.0200390831886293,0.0340086205524469,0.840941476321918,0.921700400860844,"7",31
0.860580337836402,NA,0.0367282757689524,0.0200390831886293,0.0340086205524469,0.840941476321918,0.921700400860844,"7",31
0.922243432801342,NA,0.0296333036512603,0.0200390831886293,0.0340086205524469,0.840941476321918,0.921700400860844,"7",31
0.8712964104352,0.87410442966595,0.0412346408769365,0,0.807014897763548,0.848098033294325,0.871702700066312,"8",34
0.727149702405919,0.748434031155259,0.106969078643778,0,0.807014897763548,0.848098033294325,0.871702700066312,"8",34
0.880738042944789,0.881299875816246,0.0553701215825421,0,0.807014897763548,0.848098033294325,0.871702700066312,"8",34
0.866057213253927,0.869503220494648,0.038968329904592,0,0.807014897763548,0.848098033294325,0.871702700066312,"8",34
0.899343905980179,0.900655002642784,0.0728989418637943,0,0.807014897763548,0.848098033294325,0.871702700066312,"8",34
0.828805132503574,0.833274471416544,0.0583720951913561,0,0.807014897763548,0.848098033294325,0.871702700066312,"8",34
0.878543107642181,0.882893566575544,0.0376753927217996,0,0.807014897763548,0.848098033294325,0.871702700066312,"8",34
0.899499744344953,0.900024242983223,0.0430005313663495,0,0.807014897763548,0.848098033294325,0.871702700066312,"8",34
0.869074643484103,0.871797150398882,0.0761176958811865,0,0.807014897763548,0.848098033294325,0.871702700066312,"8",34
0.883155975481519,0.883560234664815,0.0536787459209742,0,0.807014897763548,0.848098033294325,0.871702700066312,"8",34
0.880320276644541,0.882638554738942,0.0503415679516502,0,0.807014897763548,0.848098033294325,0.871702700066312,"8",34
0.912180730911203,0.912629323861646,0.0386908358917571,0,0.807014897763548,0.848098033294325,0.871702700066312,"8",34
0.842747262429877,0.847242353688049,0.0545354630113949,0,0.807014897763548,0.848098033294325,0.871702700066312,"8",34
0.91577322836512,0.916852849801082,0.0404978129616295,0,0.807014897763548,0.848098033294325,0.871702700066312,"8",34
0.826573797374888,0.834384438303296,0.0627530412445661,0,0.807014897763548,0.848098033294325,0.871702700066312,"8",34
0.721160591117887,0.735225604690035,0.0568872578207211,0,0.807014897763548,0.848098033294325,0.871702700066312,"8",34
0.8530723206263,0.854937689602866,0.0581092934748591,0,0.807014897763548,0.848098033294325,0.871702700066312,"8",34
0.970310895824446,0.970381034344994,0.0376427654308656,0,0.807014897763548,0.848098033294325,0.871702700066312,"8",34
0.830549556096246,0.832094288826642,0.0555907060153891,0,0.807014897763548,0.848098033294325,0.871702700066312,"8",34
0.899450926814487,0.901240866594759,0.0474362510332782,0,0.807014897763548,0.848098033294325,0.871702700066312,"8",34
0.732180712814056,0.749951203649629,0.0858240376004985,0,0.807014897763548,0.848098033294325,0.871702700066312,"8",34
0.624337855695303,0.634258681710288,0.0847157203336305,0,0.807014897763548,0.848098033294325,0.871702700066312,"8",34
0.889556995980072,0.890111622698937,0.0283979355403892,0,0.807014897763548,0.848098033294325,0.871702700066312,"8",34
0.859870193273854,0.86053344037068,0.0504083361516923,0,0.807014897763548,0.848098033294325,0.871702700066312,"8",34
0.875162487800956,0.87541164152912,0.0405113642471904,0,0.807014897763548,0.848098033294325,0.871702700066312,"8",34
0.860307936482384,0.863929928271815,0.0470470346363687,0,0.807014897763548,0.848098033294325,0.871702700066312,"8",34
0.850734044712394,0.852235537451123,0.0188935688381235,0,0.807014897763548,0.848098033294325,0.871702700066312,"8",34
0.88359958509036,0.884168741384793,0.0270065863724967,0,0.807014897763548,0.848098033294325,0.871702700066312,"8",34
0.821352268900526,0.82873669483114,0.0317790131669813,0,0.807014897763548,0.848098033294325,0.871702700066312,"8",34
0.852263680632819,0.856659228021873,0.0595072877382861,0,0.807014897763548,0.848098033294325,0.871702700066312,"8",34
0.837126971120962,0.843469127669029,0.0389617361173797,0,0.807014897763548,0.848098033294325,0.871702700066312,"8",34
0.817173426156323,0.81734655552583,0.0667408637105671,0,0.807014897763548,0.848098033294325,0.871702700066312,"8",34
0.83573747749888,0.845819796270846,0.0615906481399887,0,0.807014897763548,0.848098033294325,0.871702700066312,"8",34
0.899128585412066,0.899321123958129,0.0571940626197611,0,0.807014897763548,0.848098033294325,0.871702700066312,"8",34
0.798520555474474,0.799791915526131,0.0705291594665325,0,0.807014897763548,0.848098033294325,0.871702700066312,"8",34
0.8509035537097,0.851423591010628,0.0416450599972014,0,0.807014897763548,0.848098033294325,0.871702700066312,"8",34
0.888285300686998,0.889392353820376,0.0367000091692343,0,0.807014897763548,0.848098033294325,0.871702700066312,"8",34
0.799395897474429,0.807490779561741,0.0685367416971246,0,0.807014897763548,0.848098033294325,0.871702700066312,"8",34
0.890904700882416,0.892587436506694,0.0412391748634319,0,0.807014897763548,0.848098033294325,0.871702700066312,"8",34
0.726409924632864,0.770831931673522,0.135641875034702,0,0.807014897763548,0.848098033294325,0.871702700066312,"8",34
0.886054813688903,0.886993330140124,0.0536026482865166,0,0.807014897763548,0.848098033294325,0.871702700066312,"8",34
0.845647787015401,0.851977192366821,0.0638770210770629,0,0.807014897763548,0.848098033294325,0.871702700066312,"8",34
0.87296171507914,0.873471282318471,0.050967440583642,0,0.807014897763548,0.848098033294325,0.871702700066312,"8",34
0.852430540530713,0.852751008429896,0.0598383751030099,0,0.807014897763548,0.848098033294325,0.871702700066312,"8",34
0.846495170591025,0.849779877931159,0.0508359194348307,0,0.807014897763548,0.848098033294325,0.871702700066312,"8",34
0.835418619859604,0.836106306495393,0.0577416211529454,0,0.807014897763548,0.848098033294325,0.871702700066312,"8",34
0.853296032694672,0.856130329206622,0.0573648125326342,0,0.807014897763548,0.848098033294325,0.871702700066312,"8",34
0.814288972964085,0.819259376665601,0.0656971766626154,0,0.807014897763548,0.848098033294325,0.871702700066312,"8",34
0.8356886065684,0.840301214269308,0.0594667294583094,0,0.807014897763548,0.848098033294325,0.871702700066312,"8",34
0.851048405144894,0.865307847372444,0.0696210467177504,0,0.807014897763548,0.848098033294325,0.871702700066312,"8",34
0.706675497270288,0.760935019190026,0.196602814296312,0,0.807014897763548,0.848098033294325,0.871702700066312,"8",34
0.827311387633865,0.837574846237778,0.0605958515345694,0,0.807014897763548,0.848098033294325,0.871702700066312,"8",34
0.694278116932493,0.698298817475455,0.0860554969811351,0,0.807014897763548,0.848098033294325,0.871702700066312,"8",34
0.848705230944242,0.854233075138913,0.0387312436029559,0,0.807014897763548,0.848098033294325,0.871702700066312,"8",34
0.893054858419352,0.893685021943086,0.0522431252662629,0,0.807014897763548,0.848098033294325,0.871702700066312,"8",34
0.778330002750122,0.792944529302689,0.0705030922605902,0,0.807014897763548,0.848098033294325,0.871702700066312,"8",34
0.842449299232734,0.843578641676044,0.0565760407943255,0,0.807014897763548,0.848098033294325,0.871702700066312,"8",34
0.853143784399295,0.857116998266205,0.055557246223461,0,0.807014897763548,0.848098033294325,0.871702700066312,"8",34
0.840546481111027,0.84160858910976,0.0563369758970554,0,0.807014897763548,0.848098033294325,0.871702700066312,"8",34
0.83968758127978,0.840922393149691,0.0440822088045093,0,0.807014897763548,0.848098033294325,0.871702700066312,"8",34
0.8585578132835,0.859686752105828,0.0318711443000352,0,0.807014897763548,0.848098033294325,0.871702700066312,"8",34
0.557316992080851,NA,0.0582169601070456,0.0393993484092602,1.93357244289412e-22,0.776258600396184,0.932723820892569,"9",39
0.678826402738997,NA,0.0792489848345614,0.0393993484092602,1.93357244289412e-22,0.776258600396184,0.932723820892569,"9",39
0.872509673040478,NA,0.0287837364212245,0.0393993484092602,1.93357244289412e-22,0.776258600396184,0.932723820892569,"9",39
0.846577374980644,NA,0.0235334520514706,0.0393993484092602,1.93357244289412e-22,0.776258600396184,0.932723820892569,"9",39
0.872337060352102,NA,0.0376702788171361,0.0393993484092602,1.93357244289412e-22,0.776258600396184,0.932723820892569,"9",39
0.852681657427208,NA,0.0285381483686016,0.0393993484092602,1.93357244289412e-22,0.776258600396184,0.932723820892569,"9",39
0.806040080142777,NA,0.0267618696617387,0.0393993484092602,1.93357244289412e-22,0.776258600396184,0.932723820892569,"9",39
0.872510642776906,NA,0.0237947714184239,0.0393993484092602,1.93357244289412e-22,0.776258600396184,0.932723820892569,"9",39
0.846646520467429,NA,0.043750275956708,0.0393993484092602,1.93357244289412e-22,0.776258600396184,0.932723820892569,"9",39
0.82125476356153,NA,0.036498054201388,0.0393993484092602,1.93357244289412e-22,0.776258600396184,0.932723820892569,"9",39
0.803316364725742,NA,0.0347298949425598,0.0393993484092602,1.93357244289412e-22,0.776258600396184,0.932723820892569,"9",39
0.896256059853474,NA,0.0189240597620426,0.0393993484092602,1.93357244289412e-22,0.776258600396184,0.932723820892569,"9",39
0.914790701647964,NA,0.0195724481130937,0.0393993484092602,1.93357244289412e-22,0.776258600396184,0.932723820892569,"9",39
0.829844559014365,NA,0.028909189729354,0.0393993484092602,1.93357244289412e-22,0.776258600396184,0.932723820892569,"9",39
0.794804442530436,NA,0.0406817776118897,0.0393993484092602,1.93357244289412e-22,0.776258600396184,0.932723820892569,"9",39
0.806943105708972,NA,0.0273862045088797,0.0393993484092602,1.93357244289412e-22,0.776258600396184,0.932723820892569,"9",39
0.859347485840381,NA,0.0299825572354144,0.0393993484092602,1.93357244289412e-22,0.776258600396184,0.932723820892569,"9",39
0.228528956418662,NA,0.123466704105917,0.0393993484092602,1.93357244289412e-22,0.776258600396184,0.932723820892569,"9",39
0.88635644379139,NA,0.0234351941295137,0.0393993484092602,1.93357244289412e-22,0.776258600396184,0.932723820892569,"9",39
0.852691920385182,NA,0.0287794241321261,0.0393993484092602,1.93357244289412e-22,0.776258600396184,0.932723820892569,"9",39
0.738003208672206,NA,0.0559182593522835,0.0393993484092602,1.93357244289412e-22,0.776258600396184,0.932723820892569,"9",39
0.898388937678736,NA,0.0228494359104953,0.0393993484092602,1.93357244289412e-22,0.776258600396184,0.932723820892569,"9",39
0.882601982749258,NA,0.0144692227274601,0.0393993484092602,1.93357244289412e-22,0.776258600396184,0.932723820892569,"9",39
0.889854726819663,NA,0.0225822942525515,0.0393993484092602,1.93357244289412e-22,0.776258600396184,0.932723820892569,"9",39
0.846374435973836,NA,0.0236805886013646,0.0393993484092602,1.93357244289412e-22,0.776258600396184,0.932723820892569,"9",39
0.879232893338068,NA,0.0223307890011662,0.0393993484092602,1.93357244289412e-22,0.776258600396184,0.932723820892569,"9",39
0.898303581849881,NA,0.00766982111059676,0.0393993484092602,1.93357244289412e-22,0.776258600396184,0.932723820892569,"9",39
0.858314995836125,NA,0.0148789983187608,0.0393993484092602,1.93357244289412e-22,0.776258600396184,0.932723820892569,"9",39
0.723228712108805,NA,0.0244391992499363,0.0393993484092602,1.93357244289412e-22,0.776258600396184,0.932723820892569,"9",39
0.863257988143334,NA,0.029719758244102,0.0393993484092602,1.93357244289412e-22,0.776258600396184,0.932723820892569,"9",39
0.915352388468362,NA,0.0135917122441015,0.0393993484092602,1.93357244289412e-22,0.776258600396184,0.932723820892569,"9",39
0.843677426374768,NA,0.0332313881689361,0.0393993484092602,1.93357244289412e-22,0.776258600396184,0.932723820892569,"9",39
0.895863419207916,NA,0.024183250543,0.0393993484092602,1.93357244289412e-22,0.776258600396184,0.932723820892569,"9",39
0.806022785949487,NA,0.0440983843849911,0.0393993484092602,1.93357244289412e-22,0.776258600396184,0.932723820892569,"9",39
0.846706179104929,NA,0.0221115733250668,0.0393993484092602,1.93357244289412e-22,0.776258600396184,0.932723820892569,"9",39
0.835828407702013,NA,0.0240388576110899,0.0393993484092602,1.93357244289412e-22,0.776258600396184,0.932723820892569,"9",39
0.874450676717599,NA,0.0278721397196178,0.0393993484092602,1.93357244289412e-22,0.776258600396184,0.932723820892569,"9",39
0.891033889862385,NA,0.0202468616213256,0.0393993484092602,1.93357244289412e-22,0.776258600396184,0.932723820892569,"9",39
0.911111573343721,NA,0.036889865440787,0.0393993484092602,1.93357244289412e-22,0.776258600396184,0.932723820892569,"9",39
0.885704679246854,NA,0.0256025203775365,0.0393993484092602,1.93357244289412e-22,0.776258600396184,0.932723820892569,"9",39
0.861793688983491,NA,0.0314124140601001,0.0393993484092602,1.93357244289412e-22,0.776258600396184,0.932723820892569,"9",39
0.791782325286512,NA,0.0373837291049824,0.0393993484092602,1.93357244289412e-22,0.776258600396184,0.932723820892569,"9",39
0.921561488532466,NA,0.0214439962983005,0.0393993484092602,1.93357244289412e-22,0.776258600396184,0.932723820892569,"9",39
0.910428716698075,NA,0.0185555038405998,0.0393993484092602,1.93357244289412e-22,0.776258600396184,0.932723820892569,"9",39
0.830383255144707,NA,0.0338496384823175,0.0393993484092602,1.93357244289412e-22,0.776258600396184,0.932723820892569,"9",39
0.821466894491789,NA,0.036054938677428,0.0393993484092602,1.93357244289412e-22,0.776258600396184,0.932723820892569,"9",39
0.886955384243571,NA,0.0270970964995925,0.0393993484092602,1.93357244289412e-22,0.776258600396184,0.932723820892569,"9",39
0.863658829262849,NA,0.0297104845332488,0.0393993484092602,1.93357244289412e-22,0.776258600396184,0.932723820892569,"9",39
0.493906641331209,NA,0.12593963843277,0.0393993484092602,1.93357244289412e-22,0.776258600396184,0.932723820892569,"9",39
-0.546874198771879,NA,0.514461244113269,0.0393993484092602,1.93357244289412e-22,0.776258600396184,0.932723820892569,"9",39
0.878397614776859,NA,0.0263723858566859,0.0393993484092602,1.93357244289412e-22,0.776258600396184,0.932723820892569,"9",39
0.858918182282803,NA,0.0313124460774395,0.0393993484092602,1.93357244289412e-22,0.776258600396184,0.932723820892569,"9",39
0.836535962678845,NA,0.0221453542649349,0.0393993484092602,1.93357244289412e-22,0.776258600396184,0.932723820892569,"9",39
0.841225969533191,NA,0.0336520730749019,0.0393993484092602,1.93357244289412e-22,0.776258600396184,0.932723820892569,"9",39
0.858524185980864,NA,0.0309505234044032,0.0393993484092602,1.93357244289412e-22,0.776258600396184,0.932723820892569,"9",39
0.845070429002798,NA,0.0304685014610151,0.0393993484092602,1.93357244289412e-22,0.776258600396184,0.932723820892569,"9",39
0.870403669681179,NA,0.0277573776392214,0.0393993484092602,1.93357244289412e-22,0.776258600396184,0.932723820892569,"9",39
0.879822134226324,NA,0.0243723605782301,0.0393993484092602,1.93357244289412e-22,0.776258600396184,0.932723820892569,"9",39
0.798719052799481,NA,0.0283986476678681,0.0393993484092602,1.93357244289412e-22,0.776258600396184,0.932723820892569,"9",39
0.913066535105039,NA,0.011812480259053,0.0393993484092602,1.93357244289412e-22,0.776258600396184,0.932723820892569,"9",39
0.688502638900176,0.704698988029606,0.0628474819094244,0.0297500224202942,0.601830819118636,0.6713562098342,0.794171263148406,"10",42
0.591570940826073,0.61359419553044,0.142757969817934,0.0297500224202942,0.601830819118636,0.6713562098342,0.794171263148406,"10",42
0.806842725156501,0.808063056583823,0.0687152471620452,0.0297500224202942,0.601830819118636,0.6713562098342,0.794171263148406,"10",42
0.692861559124945,0.694983960614829,0.0583939724705037,0.0297500224202942,0.601830819118636,0.6713562098342,0.794171263148406,"10",42
0.793446401770012,0.798105325107405,0.0854701286041596,0.0297500224202942,0.601830819118636,0.6713562098342,0.794171263148406,"10",42
0.790149141874196,0.798575604593288,0.0494866794555532,0.0297500224202942,0.601830819118636,0.6713562098342,0.794171263148406,"10",42
0.739642758794219,0.759615671352888,0.0679050338828037,0.0297500224202942,0.601830819118636,0.6713562098342,0.794171263148406,"10",42
0.730760443631619,0.736302926075513,0.104296927363869,0.0297500224202942,0.601830819118636,0.6713562098342,0.794171263148406,"10",42
0.776847046243154,0.786719324383952,0.0708834042357194,0.0297500224202942,0.601830819118636,0.6713562098342,0.794171263148406,"10",42
0.812815737185965,0.813791379070578,0.0589077226954712,0.0297500224202942,0.601830819118636,0.6713562098342,0.794171263148406,"10",42
0.69674097433943,0.70336485223026,0.0682511669463363,0.0297500224202942,0.601830819118636,0.6713562098342,0.794171263148406,"10",42
0.634269349317347,0.646321001918934,0.0854596638484424,0.0297500224202942,0.601830819118636,0.6713562098342,0.794171263148406,"10",42
0.764562152225772,0.777715088359,0.064326306437534,0.0297500224202942,0.601830819118636,0.6713562098342,0.794171263148406,"10",42
0.710329741721255,0.712272418409041,0.0798638605293523,0.0297500224202942,0.601830819118636,0.6713562098342,0.794171263148406,"10",42
0.698096375907966,0.70191890187317,0.074305544456338,0.0297500224202942,0.601830819118636,0.6713562098342,0.794171263148406,"10",42
0.699907372725607,0.711009846137191,0.0866455728392025,0.0297500224202942,0.601830819118636,0.6713562098342,0.794171263148406,"10",42
0.704228660683225,0.718890151981623,0.148226243545453,0.0297500224202942,0.601830819118636,0.6713562098342,0.794171263148406,"10",42
0.722607994192943,0.730752531565791,0.0713051265721103,0.0297500224202942,0.601830819118636,0.6713562098342,0.794171263148406,"10",42
0.734370533540682,0.741617046239196,0.0888616149888308,0.0297500224202942,0.601830819118636,0.6713562098342,0.794171263148406,"10",42
0.658499744023626,0.672902085737919,0.0814423723051333,0.0297500224202942,0.601830819118636,0.6713562098342,0.794171263148406,"10",42
0.723676644216377,0.732115578811044,0.0432498544017708,0.0297500224202942,0.601830819118636,0.6713562098342,0.794171263148406,"10",42
0.613630372685919,0.633653374561871,0.0839622466144791,0.0297500224202942,0.601830819118636,0.6713562098342,0.794171263148406,"10",42
0.621182131841256,0.654080273221437,0.0724887112306449,0.0297500224202942,0.601830819118636,0.6713562098342,0.794171263148406,"10",42
0.694542321459162,0.707465042431353,0.0706759418784626,0.0297500224202942,0.601830819118636,0.6713562098342,0.794171263148406,"10",42
0.827849511009366,0.832008793359891,0.0214036033966139,0.0297500224202942,0.601830819118636,0.6713562098342,0.794171263148406,"10",42
0.743752057604548,0.752991284649898,0.0380227013291882,0.0297500224202942,0.601830819118636,0.6713562098342,0.794171263148406,"10",42
0.697712583187873,0.701403151221868,0.0428172007950918,0.0297500224202942,0.601830819118636,0.6713562098342,0.794171263148406,"10",42
0.71558428365354,0.721565611389246,0.0816182562281109,0.0297500224202942,0.601830819118636,0.6713562098342,0.794171263148406,"10",42
0.653638051413397,0.656132693400333,0.0579671464897472,0.0297500224202942,0.601830819118636,0.6713562098342,0.794171263148406,"10",42
0.672321394360068,0.687229281948993,0.087964418859587,0.0297500224202942,0.601830819118636,0.6713562098342,0.794171263148406,"10",42
0.507677191773257,0.532948994333438,0.109515171827519,0.0297500224202942,0.601830819118636,0.6713562098342,0.794171263148406,"10",42
0.709445937825213,0.719216275029708,0.118993811663281,0.0297500224202942,0.601830819118636,0.6713562098342,0.794171263148406,"10",42
0.651979982031499,0.67874390577351,0.091984714613533,0.0297500224202942,0.601830819118636,0.6713562098342,0.794171263148406,"10",42
0.815491038198499,0.817538474781013,0.0478380259052983,0.0297500224202942,0.601830819118636,0.6713562098342,0.794171263148406,"10",42
0.75757376429938,0.759909742314201,0.0515619135587733,0.0297500224202942,0.601830819118636,0.6713562098342,0.794171263148406,"10",42
0.747566049056473,0.756159941833809,0.0801689101444881,0.0297500224202942,0.601830819118636,0.6713562098342,0.794171263148406,"10",42
0.801256151835019,0.808401350590629,0.0528206814295122,0.0297500224202942,0.601830819118636,0.6713562098342,0.794171263148406,"10",42
0.671455242328852,0.703708505040904,0.145899442560637,0.0297500224202942,0.601830819118636,0.6713562098342,0.794171263148406,"10",42
0.775823649520307,0.790841674074055,0.0755891410670035,0.0297500224202942,0.601830819118636,0.6713562098342,0.794171263148406,"10",42
0.663541810617938,0.668970756588423,0.0946382094807736,0.0297500224202942,0.601830819118636,0.6713562098342,0.794171263148406,"10",42
0.712275654512453,0.722322754760718,0.0739505120048936,0.0297500224202942,0.601830819118636,0.6713562098342,0.794171263148406,"10",42
0.754671855857209,0.765540499972744,0.0742812571650033,0.0297500224202942,0.601830819118636,0.6713562098342,0.794171263148406,"10",42
0.764429146495993,0.785728686412547,0.0625813553273615,0.0297500224202942,0.601830819118636,0.6713562098342,0.794171263148406,"10",42
0.643053580023317,0.651754833813465,0.0888352897203985,0.0297500224202942,0.601830819118636,0.6713562098342,0.794171263148406,"10",42
0.716241893913339,0.721646670743544,0.0800843879421167,0.0297500224202942,0.601830819118636,0.6713562098342,0.794171263148406,"10",42
0.656755659740208,0.6627353609589,0.088333914958439,0.0297500224202942,0.601830819118636,0.6713562098342,0.794171263148406,"10",42
0.641418632554285,0.675072269739014,0.168485889860165,0.0297500224202942,0.601830819118636,0.6713562098342,0.794171263148406,"10",42
0.700272623718582,0.742045209777353,0.538310324381241,0.0297500224202942,0.601830819118636,0.6713562098342,0.794171263148406,"10",42
0.717488938740602,0.747476793580381,0.0737972521296939,0.0297500224202942,0.601830819118636,0.6713562098342,0.794171263148406,"10",42
0.795289681926246,0.805390550528872,0.0696116393548392,0.0297500224202942,0.601830819118636,0.6713562098342,0.794171263148406,"10",42
0.715294312693889,0.719821444117403,0.0587815550394821,0.0297500224202942,0.601830819118636,0.6713562098342,0.794171263148406,"10",42
0.686448803557631,0.716416902401156,0.085758204702072,0.0297500224202942,0.601830819118636,0.6713562098342,0.794171263148406,"10",42
0.777242441924588,0.786257474923862,0.0756142105097621,0.0297500224202942,0.601830819118636,0.6713562098342,0.794171263148406,"10",42
0.800100099203262,0.806709330633926,0.0641228643500061,0.0297500224202942,0.601830819118636,0.6713562098342,0.794171263148406,"10",42
0.747459359337203,0.754250408170266,0.0716390396902748,0.0297500224202942,0.601830819118636,0.6713562098342,0.794171263148406,"10",42
0.703881225217501,0.715443502470315,0.0765695763201673,0.0297500224202942,0.601830819118636,0.6713562098342,0.794171263148406,"10",42
0.699662659505249,0.706193388096267,0.0622443078821467,0.0297500224202942,0.601830819118636,0.6713562098342,0.794171263148406,"10",42
0.704956073912438,0.71805472508486,0.0451916984067524,0.0297500224202942,0.601830819118636,0.6713562098342,0.794171263148406,"10",42
0.7501046521939,NA,0.110219123833594,0.0757208245022124,0.0409698624486029,0.434330550401183,0.752160104659803,"11",51
0.40887889631872,NA,0.144892708454785,0.0757208245022124,0.0409698624486029,0.434330550401183,0.752160104659803,"11",51
0.783765009571586,NA,0.145534296836298,0.0757208245022124,0.0409698624486029,0.434330550401183,0.752160104659803,"11",51
0.725820924288147,NA,0.113373403959516,0.0757208245022124,0.0409698624486029,0.434330550401183,0.752160104659803,"11",51
0.650357699851609,NA,0.137901842463872,0.0757208245022124,0.0409698624486029,0.434330550401183,0.752160104659803,"11",51
0.522340325516282,NA,0.0706687815916809,0.0757208245022124,0.0409698624486029,0.434330550401183,0.752160104659803,"11",51
0.457973294942239,NA,0.129951486968823,0.0757208245022124,0.0409698624486029,0.434330550401183,0.752160104659803,"11",51
0.733408129232156,NA,0.0396650063933823,0.0757208245022124,0.0409698624486029,0.434330550401183,0.752160104659803,"11",51
0.469447197170553,NA,0.116970349570143,0.0757208245022124,0.0409698624486029,0.434330550401183,0.752160104659803,"11",51
0.537179610410825,NA,0.121197530821436,0.0757208245022124,0.0409698624486029,0.434330550401183,0.752160104659803,"11",51
0.644431583198718,NA,0.110251724672944,0.0757208245022124,0.0409698624486029,0.434330550401183,0.752160104659803,"11",51
0.560122325711347,NA,0.134572130660295,0.0757208245022124,0.0409698624486029,0.434330550401183,0.752160104659803,"11",51
0.704336426493798,NA,0.0855740346427852,0.0757208245022124,0.0409698624486029,0.434330550401183,0.752160104659803,"11",51
0.622399253105137,NA,0.0857584698603429,0.0757208245022124,0.0409698624486029,0.434330550401183,0.752160104659803,"11",51
0.651525097858277,NA,0.124348377190448,0.0757208245022124,0.0409698624486029,0.434330550401183,0.752160104659803,"11",51
0.439922707424922,NA,0.0963048934168399,0.0757208245022124,0.0409698624486029,0.434330550401183,0.752160104659803,"11",51
0.514146594328711,NA,0.108220415231796,0.0757208245022124,0.0409698624486029,0.434330550401183,0.752160104659803,"11",51
0.340282422007405,NA,0.172893254966069,0.0757208245022124,0.0409698624486029,0.434330550401183,0.752160104659803,"11",51
0.461735098874071,NA,0.148463828893883,0.0757208245022124,0.0409698624486029,0.434330550401183,0.752160104659803,"11",51
0.42913768455832,NA,0.111523587226199,0.0757208245022124,0.0409698624486029,0.434330550401183,0.752160104659803,"11",51
0.690311916152131,NA,0.120459904530692,0.0757208245022124,0.0409698624486029,0.434330550401183,0.752160104659803,"11",51
0.769137545941697,0.769659277916222,0.101867078515653,0.0165003595214473,0.552473292473358,0.62693131993746,0.728355226420094,"12",51
0.693330091900791,0.701811460478857,0.105191426255144,0.0165003595214473,0.552473292473358,0.62693131993746,0.728355226420094,"12",51
0.558319869792928,0.600460762266902,0.200171494554912,0.0165003595214473,0.552473292473358,0.62693131993746,0.728355226420094,"12",51
0.774023900456684,0.784845802450417,0.0954520953740233,0.0165003595214473,0.552473292473358,0.62693131993746,0.728355226420094,"12",51
0.697383870281235,0.705405203141681,0.105718540982016,0.0165003595214473,0.552473292473358,0.62693131993746,0.728355226420094,"12",51
0.628137226052638,0.637507849993169,0.0681314802017652,0.0165003595214473,0.552473292473358,0.62693131993746,0.728355226420094,"12",51
0.622289466830512,0.624899482279906,0.109619811084574,0.0165003595214473,0.552473292473358,0.62693131993746,0.728355226420094,"12",51
0.729482421224072,0.73758579219732,0.0387835292400494,0.0165003595214473,0.552473292473358,0.62693131993746,0.728355226420094,"12",51
0.302859238548202,0.335864174123264,0.164043856917082,0.0165003595214473,0.552473292473358,0.62693131993746,0.728355226420094,"12",51
0.751650648450427,0.75594158394028,0.0735652917913735,0.0165003595214473,0.552473292473358,0.62693131993746,0.728355226420094,"12",51
0.593779118955909,0.600979304497576,0.128287775630065,0.0165003595214473,0.552473292473358,0.62693131993746,0.728355226420094,"12",51
0.577956577282827,0.611485305648955,0.110323676585577,0.0165003595214473,0.552473292473358,0.62693131993746,0.728355226420094,"12",51
0.651566052829325,0.668147515390578,0.101042723217921,0.0165003595214473,0.552473292473358,0.62693131993746,0.728355226420094,"12",51
0.570524633750701,0.575327158399627,0.0985970045282398,0.0165003595214473,0.552473292473358,0.62693131993746,0.728355226420094,"12",51
0.746487855245449,0.762403591874622,0.0847383492585007,0.0165003595214473,0.552473292473358,0.62693131993746,0.728355226420094,"12",51
0.558896685543958,0.583671694780438,0.0841627443255943,0.0165003595214473,0.552473292473358,0.62693131993746,0.728355226420094,"12",51
0.7664462855635,0.767731386362878,0.0813544202562583,0.0165003595214473,0.552473292473358,0.62693131993746,0.728355226420094,"12",51
0.672783670159228,0.692490743082988,0.119070705182666,0.0165003595214473,0.552473292473358,0.62693131993746,0.728355226420094,"12",51
0.521445209505121,0.580081157623632,0.178138030596289,0.0165003595214473,0.552473292473358,0.62693131993746,0.728355226420094,"12",51
0.65750912975154,0.670753416200246,0.0815418414025842,0.0165003595214473,0.552473292473358,0.62693131993746,0.728355226420094,"12",51
0.603736348344466,0.619806789521051,0.1274703975636,0.0165003595214473,0.552473292473358,0.62693131993746,0.728355226420094,"12",51
0.896818780301785,0.897296715475375,0.0521142483486328,0,0.994552997527721,0.857294938013555,0.897548759047668,"13",56
0.833595576536049,0.839186752690946,0.0524594284807545,0,0.994552997527721,0.857294938013555,0.897548759047668,"13",56
0.907180035529738,0.909357800517521,0.0688387052365945,0,0.994552997527721,0.857294938013555,0.897548759047668,"13",56
0.868145022466931,0.871448824670215,0.0551088658646715,0,0.994552997527721,0.857294938013555,0.897548759047668,"13",56
0.850678288733092,0.853817019977853,0.0565583389981723,0,0.994552997527721,0.857294938013555,0.897548759047668,"13",56
0.846554107374519,0.849563839723482,0.052356838279726,0,0.994552997527721,0.857294938013555,0.897548759047668,"13",56
0.837837258956431,0.845425617317055,0.0496910234460955,0,0.994552997527721,0.857294938013555,0.897548759047668,"13",56
0.891493175405453,0.892494644786895,0.0418950174437855,0,0.994552997527721,0.857294938013555,0.897548759047668,"13",56
0.825614876930964,0.82903938600074,0.0470399473099588,0,0.994552997527721,0.857294938013555,0.897548759047668,"13",56
0.872247663972193,0.873091571795282,0.0508180546029181,0,0.994552997527721,0.857294938013555,0.897548759047668,"13",56
0.877780215844338,0.877872471662594,0.0475666590652796,0,0.994552997527721,0.857294938013555,0.897548759047668,"13",56
0.90393435461374,0.905122648500497,0.0393262134031824,0,0.994552997527721,0.857294938013555,0.897548759047668,"13",56
0.840466369782036,0.841989611485041,0.0422463171925697,0,0.994552997527721,0.857294938013555,0.897548759047668,"13",56
0.87188883336529,0.875721746179888,0.0469758605463852,0,0.994552997527721,0.857294938013555,0.897548759047668,"13",56
0.900950476497998,0.902705443852792,0.0305970440106969,0,0.994552997527721,0.857294938013555,0.897548759047668,"13",56
0.906799096181088,0.907640397839371,0.0393195430997656,0,0.994552997527721,0.857294938013555,0.897548759047668,"13",56
0.866946401912322,0.867620909521438,0.0551483162930357,0,0.994552997527721,0.857294938013555,0.897548759047668,"13",56
0.91530446129711,0.917320362371591,0.0501461385902728,0,0.994552997527721,0.857294938013555,0.897548759047668,"13",56
0.873060691127974,0.875248867083668,0.0365845500673173,0,0.994552997527721,0.857294938013555,0.897548759047668,"13",56
0.905446449828522,0.906037108198641,0.0482743290992701,0,0.994552997527721,0.857294938013555,0.897548759047668,"13",56
0.506104650798193,0.518995216204807,0.154055341230636,0.0792325424959962,0.235535362346046,0.435555356845844,0.772434112330411,"14",57
0.563622890321771,0.576362610500607,0.15557115261996,0.0792325424959962,0.235535362346046,0.435555356845844,0.772434112330411,"14",57
0.662808795061187,0.675135841227298,0.256914903104665,0.0792325424959962,0.235535362346046,0.435555356845844,0.772434112330411,"14",57
0.63608528936086,0.650926037797119,0.161463075619597,0.0792325424959962,0.235535362346046,0.435555356845844,0.772434112330411,"14",57
0.473690356550241,0.52306781084197,0.115837653362056,0.0792325424959962,0.235535362346046,0.435555356845844,0.772434112330411,"14",57
0.632591670377947,0.634058033766805,0.0925555502786937,0.0792325424959962,0.235535362346046,0.435555356845844,0.772434112330411,"14",57
0.566976206842927,0.575484607185358,0.143932970774423,0.0792325424959962,0.235535362346046,0.435555356845844,0.772434112330411,"14",57
0.818450000352899,0.821696613685644,0.0516106470112205,0.0792325424959962,0.235535362346046,0.435555356845844,0.772434112330411,"14",57
0.643478058030492,0.645837650507569,0.147797160355368,0.0792325424959962,0.235535362346046,0.435555356845844,0.772434112330411,"14",57
0.669436080783394,0.680905337844299,0.120664485536846,0.0792325424959962,0.235535362346046,0.435555356845844,0.772434112330411,"14",57
0.686425531809852,0.695135347947708,0.137038795734459,0.0792325424959962,0.235535362346046,0.435555356845844,0.772434112330411,"14",57
0.399993913677894,0.411197214096571,0.120928164209922,0.0792325424959962,0.235535362346046,0.435555356845844,0.772434112330411,"14",57
0.45693665516555,0.467359554477535,0.12097271203599,0.0792325424959962,0.235535362346046,0.435555356845844,0.772434112330411,"14",57
0.678743815852394,0.685054181058622,0.106827952994536,0.0792325424959962,0.235535362346046,0.435555356845844,0.772434112330411,"14",57
0.53494278020876,0.549238880378618,0.1631106454692,0.0792325424959962,0.235535362346046,0.435555356845844,0.772434112330411,"14",57
0.54257090902494,0.5545298936455,0.0983907120041476,0.0792325424959962,0.235535362346046,0.435555356845844,0.772434112330411,"14",57
0.581257615684533,0.586822574892766,0.165992277776304,0.0792325424959962,0.235535362346046,0.435555356845844,0.772434112330411,"14",57
0.603284733667786,0.60898290436548,0.167472167666288,0.0792325424959962,0.235535362346046,0.435555356845844,0.772434112330411,"14",57
0.516587972417309,0.52898554582885,0.176990928958553,0.0792325424959962,0.235535362346046,0.435555356845844,0.772434112330411,"14",57
0.59650151359136,0.609875613778854,0.135599019605225,0.0792325424959962,0.235535362346046,0.435555356845844,0.772434112330411,"14",57
0.566179877037853,0.601812036907575,0.163935214507786,0.0792325424959962,0.235535362346046,0.435555356845844,0.772434112330411,"14",57
0.0792935961454748,0.0792935961454748,0.162489520713007,0.10753397461391,4.97021355809994e-06,-0.013313423569062,0.434258310376892,"15",59
0.00445209299338127,0.0033416084411928,0.174379476379017,0.10753397461391,4.97021355809994e-06,-0.013313423569062,0.434258310376892,"15",59
0.476523846631319,0.476523846631319,NA,0.10753397461391,4.97021355809994e-06,-0.013313423569062,0.434258310376892,"15",59
0.322739317361805,0.322739317361805,0.134413727128033,0.10753397461391,4.97021355809994e-06,-0.013313423569062,0.434258310376892,"15",59
0.355361231818507,0.355361231818507,0.188658664653157,0.10753397461391,4.97021355809994e-06,-0.013313423569062,0.434258310376892,"15",59
0.00351797680912747,0.0026400762501576,0.105545849924765,0.10753397461391,4.97021355809994e-06,-0.013313423569062,0.434258310376892,"15",59
0.274618582155443,0.274618582155443,0.123018913904862,0.10753397461391,4.97021355809994e-06,-0.013313423569062,0.434258310376892,"15",59
0.407595855646839,0.407595855646839,0.0100921938750206,0.10753397461391,4.97021355809994e-06,-0.013313423569062,0.434258310376892,"15",59
0.0254687021595659,0.0254687021595659,0.148411790975426,0.10753397461391,4.97021355809994e-06,-0.013313423569062,0.434258310376892,"15",59
0.390968939159973,0.390968939159973,0.0769223889424328,0.10753397461391,4.97021355809994e-06,-0.013313423569062,0.434258310376892,"15",59
0.246018026199286,0.246018026199286,0.181975295838645,0.10753397461391,4.97021355809994e-06,-0.013313423569062,0.434258310376892,"15",59
0.0940967582279175,0.0940967582279175,0.174420993721541,0.10753397461391,4.97021355809994e-06,-0.013313423569062,0.434258310376892,"15",59
0.0388051371781594,0.0388051371781595,0.160877909942154,0.10753397461391,4.97021355809994e-06,-0.013313423569062,0.434258310376892,"15",59
0.0949557860318227,0.0949557860318227,0.133628131788391,0.10753397461391,4.97021355809994e-06,-0.013313423569062,0.434258310376892,"15",59
0.216107838305725,0.216107838305725,0.173892224013169,0.10753397461391,4.97021355809994e-06,-0.013313423569062,0.434258310376892,"15",59
0.176888121111395,0.176888121111395,0.11303177643369,0.10753397461391,4.97021355809994e-06,-0.013313423569062,0.434258310376892,"15",59
0.198616163631876,0.198616163631875,0.139954034199546,0.10753397461391,4.97021355809994e-06,-0.013313423569062,0.434258310376892,"15",59
0.201716458355749,0.201716458355749,0.145305230454948,0.10753397461391,4.97021355809994e-06,-0.013313423569062,0.434258310376892,"15",59
0.158470759153515,0.158470759153515,0.217284532849104,0.10753397461391,4.97021355809994e-06,-0.013313423569062,0.434258310376892,"15",59
0.119261083758303,0.119261083758303,0.128919642814383,0.10753397461391,4.97021355809994e-06,-0.013313423569062,0.434258310376892,"15",59
0.30316811322497,0.30316811322497,0.139017108049111,0.10753397461391,4.97021355809994e-06,-0.013313423569062,0.434258310376892,"15",59
0.634441861183138,0.64734671251865,0.0706310536639138,0.0400522648949683,0.279854344781754,0.428724111872191,0.652712958448448,"16",62
0.465330156518571,0.480832499669692,0.0639948916125623,0.0400522648949683,0.279854344781754,0.428724111872191,0.652712958448448,"16",62
0.491310716033188,0.504046427846334,0.0772658655218382,0.0400522648949683,0.279854344781754,0.428724111872191,0.652712958448448,"16",62
0.579443674633912,0.591288940811462,0.0734355419673224,0.0400522648949683,0.279854344781754,0.428724111872191,0.652712958448448,"16",62
0.621949512726553,0.641157087357197,0.090152598307828,0.0462040324109591,0.286330683784974,0.400286239669514,0.66415641826192,"17",63
0.443687203224349,0.471772631385397,0.0780822504935911,0.0462040324109591,0.286330683784974,0.400286239669514,0.66415641826192,"17",63
0.599641856700745,0.623878312561535,0.0757330662087918,0.0462040324109591,0.286330683784974,0.400286239669514,0.66415641826192,"17",63
0.440276618483213,0.456016311239424,0.109053820659158,0.0462040324109591,0.286330683784974,0.400286239669514,0.66415641826192,"17",63
0.871628356875361,0.876790859090983,0.0123628381212328,0,0.866298822976677,0.866241457588718,0.883823042845168,"18",71
0.883863710664665,0.887071141125614,0.0190898475010802,0,0.866298822976677,0.866241457588718,0.883823042845168,"18",71
0.869515994109937,0.874397881157135,0.0133431535309652,0,0.866298822976677,0.866241457588718,0.883823042845168,"18",71
0.866512178432144,0.869294974499471,0.0103056782058666,0,0.866298822976677,0.866241457588718,0.883823042845168,"18",71
0.886907470319753,0.889156726765001,0.0151473117683753,0,0.866298822976677,0.866241457588718,0.883823042845168,"18",71
0.866216277512842,0.872193270264355,0.012746359433829,0,0.866298822976677,0.866241457588718,0.883823042845168,"18",71
0.885497863751649,0.889610640544721,0.0118457820812357,0,0.866298822976677,0.866241457588718,0.883823042845168,"18",71
0.879827263533073,0.885272638091311,0.0113588235242451,0,0.866298822976677,0.866241457588718,0.883823042845168,"18",71
0.541257759875399,0.576471184791576,0.0985383622643961,0,0.539622186757217,0.565348586072236,0.731776921638234,"19",73
0.751660802505622,0.759875497896941,0.0831240797219496,0,0.539622186757217,0.565348586072236,0.731776921638234,"19",73
0.586336738589409,0.630257749684243,0.110825382585126,0,0.539622186757217,0.565348586072236,0.731776921638234,"19",73
0.639022581724093,0.660751656603191,0.0887332763203237,0,0.539622186757217,0.565348586072236,0.731776921638234,"19",73
0.672983071166273,0.680736011582557,0.100699283792346,0,0.539622186757217,0.565348586072236,0.731776921638234,"19",73
