"alpha","omega","g","replication","avg.alpha"
0.952657542327082,0.954026668554612,"Husnu & Crisp (2010)",TRUE,0.948926425739165
0.925042934343505,0.927519314589495,"Husnu & Crisp (2010)",TRUE,0.948926425739165
0.948758624811117,0.949727757781137,"Husnu & Crisp (2010)",TRUE,0.948926425739165
0.944957486402987,0.945996901204571,"Husnu & Crisp (2010)",TRUE,0.948926425739165
0.968599518852012,0.969056843336415,"Husnu & Crisp (2010)",TRUE,0.948926425739165
0.944651920262691,0.94576161367334,"Husnu & Crisp (2010)",TRUE,0.948926425739165
0.958733396526577,0.959099803439259,"Husnu & Crisp (2010)",TRUE,0.948926425739165
0.966248774642401,0.96660607030854,"Husnu & Crisp (2010)",TRUE,0.948926425739165
0.959864322259164,0.960877175259809,"Husnu & Crisp (2010)",TRUE,0.948926425739165
0.934215495247974,0.936834097088247,"Husnu & Crisp (2010)",TRUE,0.948926425739165
0.945177496803796,0.946251131386146,"Husnu & Crisp (2010)",TRUE,0.948926425739165
0.954116140167971,0.95525090143854,"Husnu & Crisp (2010)",TRUE,0.948926425739165
0.950706886877594,0.951394922040911,"Husnu & Crisp (2010)",TRUE,0.948926425739165
0.949037122231689,0.950940391898685,"Husnu & Crisp (2010)",TRUE,0.948926425739165
0.955215260591212,0.955749486761829,"Husnu & Crisp (2010)",TRUE,0.948926425739165
0.941730399889513,0.943006619567267,"Husnu & Crisp (2010)",TRUE,0.948926425739165
0.933648935552928,0.936580124941809,"Husnu & Crisp (2010)",TRUE,0.948926425739165
0.955133806606057,0.955724246389263,"Husnu & Crisp (2010)",TRUE,0.948926425739165
0.958298895521174,0.958465788443011,"Husnu & Crisp (2010)",TRUE,0.948926425739165
0.957133094858815,0.95729443811551,"Husnu & Crisp (2010)",TRUE,0.948926425739165
0.956851421551873,0.958596092045077,"Husnu & Crisp (2010)",TRUE,0.948926425739165
0.955510382757829,0.956130590768057,"Husnu & Crisp (2010)",TRUE,0.948926425739165
0.957009923895991,0.957601846967433,"Husnu & Crisp (2010)",TRUE,0.948926425739165
0.94968493015283,0.950022788877429,"Husnu & Crisp (2010)",TRUE,0.948926425739165
0.951759463775973,0.952865601884729,"Husnu & Crisp (2010)",TRUE,0.948926425739165
0.939013108843371,0.939672960940849,"Husnu & Crisp (2010)",TRUE,0.948926425739165
0.956713843367751,0.957397662727531,"Husnu & Crisp (2010)",TRUE,0.948926425739165
0.911284672650215,0.915176407029164,"Husnu & Crisp (2010)",TRUE,0.948926425739165
0.94838802772956,0.950153977901162,"Husnu & Crisp (2010)",TRUE,0.948926425739165
0.959219426573013,0.959725601141729,"Husnu & Crisp (2010)",TRUE,0.948926425739165
0.931935171082868,0.934181762195821,"Husnu & Crisp (2010)",TRUE,0.948926425739165
0.957441261655043,0.95835009274494,"Husnu & Crisp (2010)",TRUE,0.948926425739165
0.94812611824216,0.949265825227739,"Husnu & Crisp (2010)",TRUE,0.948926425739165
0.948519707842213,0.949069752698372,"Husnu & Crisp (2010)",TRUE,0.948926425739165
0.961969779917209,0.962571343191068,"Husnu & Crisp (2010)",TRUE,0.948926425739165
0.923996031795775,0.925416626206504,"Husnu & Crisp (2010)",TRUE,0.948926425739165
0.90137358234932,0.906881249157684,"Nosek et al. (2002), Math",TRUE,0.897267275654705
0.802031982026998,0.826498341035159,"Nosek et al. (2002), Math",TRUE,0.897267275654705
0.851990849325151,0.859967286479913,"Nosek et al. (2002), Math",TRUE,0.897267275654705
0.897163390203077,0.89934579834227,"Nosek et al. (2002), Math",TRUE,0.897267275654705
0.902014263317479,0.902684424192023,"Nosek et al. (2002), Math",TRUE,0.897267275654705
0.946372096380941,0.946664774432553,"Nosek et al. (2002), Math",TRUE,0.897267275654705
0.895220869394405,0.897292848867837,"Nosek et al. (2002), Math",TRUE,0.897267275654705
0.938838328240234,0.939927600402535,"Nosek et al. (2002), Math",TRUE,0.897267275654705
0.903963995869659,0.907346037201771,"Nosek et al. (2002), Math",TRUE,0.897267275654705
0.91202874826962,0.913487470733562,"Nosek et al. (2002), Math",TRUE,0.897267275654705
0.895885718901882,0.897953885991393,"Nosek et al. (2002), Math",TRUE,0.897267275654705
0.879891058750667,0.882163820096351,"Nosek et al. (2002), Math",TRUE,0.897267275654705
0.918705731239966,0.921558021250473,"Nosek et al. (2002), Math",TRUE,0.897267275654705
0.888423961026633,0.891878473252797,"Nosek et al. (2002), Math",TRUE,0.897267275654705
0.916384210931716,0.918405632027994,"Nosek et al. (2002), Math",TRUE,0.897267275654705
0.901496528286716,0.902321678005833,"Nosek et al. (2002), Math",TRUE,0.897267275654705
0.891571505967656,0.896775580129493,"Nosek et al. (2002), Math",TRUE,0.897267275654705
0.887586252378524,0.889441766236261,"Nosek et al. (2002), Math",TRUE,0.897267275654705
0.913450821939635,0.920026947521927,"Nosek et al. (2002), Math",TRUE,0.897267275654705
0.884247880808947,0.885973716222935,"Nosek et al. (2002), Math",TRUE,0.897267275654705
0.915519988772925,0.916603653304879,"Nosek et al. (2002), Math",TRUE,0.897267275654705
0.873335123944926,0.875941751735468,"Nosek et al. (2002), Math",TRUE,0.897267275654705
0.909934293216649,0.911374663589441,"Nosek et al. (2002), Math",TRUE,0.897267275654705
0.868454579215023,0.872390746336413,"Nosek et al. (2002), Math",TRUE,0.897267275654705
0.914458212960242,0.916633439124322,"Nosek et al. (2002), Math",TRUE,0.897267275654705
0.909163087731574,0.91473647245528,"Nosek et al. (2002), Math",TRUE,0.897267275654705
0.940610880429134,0.942007788889705,"Nosek et al. (2002), Math",TRUE,0.897267275654705
0.90614691912875,0.90794574803839,"Nosek et al. (2002), Math",TRUE,0.897267275654705
0.917677671935855,0.920737832251618,"Nosek et al. (2002), Math",TRUE,0.897267275654705
0.911727262905449,0.915486659673945,"Nosek et al. (2002), Math",TRUE,0.897267275654705
0.902427870836046,0.904049575007103,"Nosek et al. (2002), Math",TRUE,0.897267275654705
0.849501811618408,0.854880825512466,"Nosek et al. (2002), Math",TRUE,0.897267275654705
0.90155525274275,0.903607772012506,"Nosek et al. (2002), Math",TRUE,0.897267275654705
0.905804365282239,0.907720758921859,"Nosek et al. (2002), Math",TRUE,0.897267275654705
0.892304171569755,0.895011145411178,"Nosek et al. (2002), Math",TRUE,0.897267275654705
0.85435865567043,0.859563191382771,"Nosek et al. (2002), Math",TRUE,0.897267275654705
0.871628356875361,0.876790859090983,"Nosek et al. (2002), Art",TRUE,0.876246139399928
0.883863710664665,0.887071141125614,"Nosek et al. (2002), Art",TRUE,0.876246139399928
0.869515994109937,0.874397881157135,"Nosek et al. (2002), Art",TRUE,0.876246139399928
0.866512178432144,0.869294974499471,"Nosek et al. (2002), Art",TRUE,0.876246139399928
0.886907470319753,0.889156726765001,"Nosek et al. (2002), Art",TRUE,0.876246139399928
0.866216277512842,0.872193270264355,"Nosek et al. (2002), Art",TRUE,0.876246139399928
0.885497863751649,0.889610640544721,"Nosek et al. (2002), Art",TRUE,0.876246139399928
0.879827263533073,0.885272638091311,"Nosek et al. (2002), Art",TRUE,0.876246139399928
0.839801279016686,0.84481319261127,"Norenzayan et al. (2002)",TRUE,0.823033106700314
0.863857662488446,0.864625726252066,"Norenzayan et al. (2002)",TRUE,0.823033106700314
0.716054648570049,0.72532300823152,"Norenzayan et al. (2002)",TRUE,0.823033106700314
0.808828991319099,0.816262447893168,"Norenzayan et al. (2002)",TRUE,0.823033106700314
0.877681940040306,0.880078501272319,"Norenzayan et al. (2002)",TRUE,0.823033106700314
0.814545041463948,0.816523554991556,"Norenzayan et al. (2002)",TRUE,0.823033106700314
0.857485344620882,0.858389160360842,"Norenzayan et al. (2002)",TRUE,0.823033106700314
0.844391886910667,0.846651924955988,"Norenzayan et al. (2002)",TRUE,0.823033106700314
0.67594245821983,0.682412667566037,"Norenzayan et al. (2002)",TRUE,0.823033106700314
0.866151129495588,0.867327462290022,"Norenzayan et al. (2002)",TRUE,0.823033106700314
0.835379504706569,0.83699210527016,"Norenzayan et al. (2002)",TRUE,0.823033106700314
0.809617034898786,0.811770398958212,"Norenzayan et al. (2002)",TRUE,0.823033106700314
0.847554419318313,0.848246561956692,"Norenzayan et al. (2002)",TRUE,0.823033106700314
0.83036352893712,0.833361254797845,"Norenzayan et al. (2002)",TRUE,0.823033106700314
0.85190031941235,0.853928729320545,"Norenzayan et al. (2002)",TRUE,0.823033106700314
0.850743757153069,0.852178919272572,"Norenzayan et al. (2002)",TRUE,0.823033106700314
0.779731037385288,0.782275362497828,"Norenzayan et al. (2002)",TRUE,0.823033106700314
0.830573579174224,0.832375865230851,"Norenzayan et al. (2002)",TRUE,0.823033106700314
0.810330964739647,0.813068945524731,"Norenzayan et al. (2002)",TRUE,0.823033106700314
0.855565031777132,0.856522748711386,"Norenzayan et al. (2002)",TRUE,0.823033106700314
0.854240749877311,0.855603728385713,"Norenzayan et al. (2002)",TRUE,0.823033106700314
0.842798562424887,0.846651574728441,"Norenzayan et al. (2002)",TRUE,0.823033106700314
0.767868010263424,0.769495964762732,"Norenzayan et al. (2002)",TRUE,0.823033106700314
0.807163449879803,0.808483242789874,"Norenzayan et al. (2002)",TRUE,0.823033106700314
0.855832254753303,0.858799275896049,"Norenzayan et al. (2002)",TRUE,0.823033106700314
0.843074660618963,0.846055065198586,"Norenzayan et al. (2002)",TRUE,0.823033106700314
0.813601095781664,0.816200472141251,"Norenzayan et al. (2002)",TRUE,0.823033106700314
0.810758592772975,0.813679225080263,"Norenzayan et al. (2002)",TRUE,0.823033106700314
0.797160008428543,0.801034379645177,"Norenzayan et al. (2002)",TRUE,0.823033106700314
0.839877796875676,0.840074394123141,"Norenzayan et al. (2002)",TRUE,0.823033106700314
0.825397305333935,0.826951191029707,"Norenzayan et al. (2002)",TRUE,0.823033106700314
0.840539791932715,0.844864107588931,"Norenzayan et al. (2002)",TRUE,0.823033106700314
0.830012743992173,0.833494799249239,"Norenzayan et al. (2002)",TRUE,0.823033106700314
0.855686038016209,0.858260572733576,"Norenzayan et al. (2002)",TRUE,0.823033106700314
0.733161719816349,0.74109229350923,"Norenzayan et al. (2002)",TRUE,0.823033106700314
0.845519500795362,0.848610449499097,"Norenzayan et al. (2002)",TRUE,0.823033106700314
0.541257759875399,0.576471184791576,"Shnabel & Nadler (2008)",TRUE,0.638252190772159
0.751660802505622,0.759875497896941,"Shnabel & Nadler (2008)",TRUE,0.638252190772159
0.586336738589409,0.630257749684243,"Shnabel & Nadler (2008)",TRUE,0.638252190772159
0.639022581724093,0.660751656603191,"Shnabel & Nadler (2008)",TRUE,0.638252190772159
0.672983071166273,0.680736011582557,"Shnabel & Nadler (2008)",TRUE,0.638252190772159
0.239214395354972,NA,"Vohs & Schooler (2008)",TRUE,-1.0084740170242
0.389635392576357,NA,"Vohs & Schooler (2008)",TRUE,-1.0084740170242
0.0626684557053958,NA,"Vohs & Schooler (2008)",TRUE,-1.0084740170242
0.382355879846995,NA,"Vohs & Schooler (2008)",TRUE,-1.0084740170242
0.779344637201516,NA,"Vohs & Schooler (2008)",TRUE,-1.0084740170242
0.826127296043095,0.832559007451748,"Caruso et al. (2012)",FALSE,0.874257046681155
0.873528149822051,0.875217636909817,"Caruso et al. (2012)",FALSE,0.874257046681155
0.885307213007951,0.887864936539039,"Caruso et al. (2012)",FALSE,0.874257046681155
0.876576202533507,0.878697193344974,"Caruso et al. (2012)",FALSE,0.874257046681155
0.838651315521367,0.846098813167585,"Caruso et al. (2012)",FALSE,0.874257046681155
0.84826106802959,0.855326264382644,"Caruso et al. (2012)",FALSE,0.874257046681155
0.862436339876234,0.87124230383045,"Caruso et al. (2012)",FALSE,0.874257046681155
0.893766873024095,0.897645819497101,"Caruso et al. (2012)",FALSE,0.874257046681155
0.896730770094336,0.898660243931814,"Caruso et al. (2012)",FALSE,0.874257046681155
0.790978652175796,0.796131672653763,"Caruso et al. (2012)",FALSE,0.874257046681155
0.872729162038896,0.876112464682324,"Caruso et al. (2012)",FALSE,0.874257046681155
0.843504170614586,0.849341292034637,"Caruso et al. (2012)",FALSE,0.874257046681155
0.844352603227978,0.850228940257353,"Caruso et al. (2012)",FALSE,0.874257046681155
0.877816964473018,0.880248482904066,"Caruso et al. (2012)",FALSE,0.874257046681155
0.953349875667774,0.953748937838045,"Caruso et al. (2012)",FALSE,0.874257046681155
0.897696594044852,0.912720979232803,"Caruso et al. (2012)",FALSE,0.874257046681155
0.870256640111063,0.877548782851408,"Caruso et al. (2012)",FALSE,0.874257046681155
0.816448422955653,0.83134761006254,"Caruso et al. (2012)",FALSE,0.874257046681155
0.862987664699935,0.867057273462617,"Caruso et al. (2012)",FALSE,0.874257046681155
0.89453784047778,0.897158140546803,"Caruso et al. (2012)",FALSE,0.874257046681155
0.906126710083122,0.907992429576654,"Caruso et al. (2012)",FALSE,0.874257046681155
0.881068487496804,0.885909624666987,"Caruso et al. (2012)",FALSE,0.874257046681155
0.886005105458562,0.889433190485208,"Caruso et al. (2012)",FALSE,0.874257046681155
0.793748201900825,0.806396462839582,"Caruso et al. (2012)",FALSE,0.874257046681155
0.799871334767776,0.80949279389964,"Caruso et al. (2012)",FALSE,0.874257046681155
0.895168226701984,0.896490182833513,"Caruso et al. (2012)",FALSE,0.874257046681155
0.929692874947527,0.930641621888793,"Caruso et al. (2012)",FALSE,0.874257046681155
0.833688201230908,0.838797517160545,"Caruso et al. (2012)",FALSE,0.874257046681155
0.859919920556694,0.866951567770641,"Caruso et al. (2012)",FALSE,0.874257046681155
0.903481130372698,0.906534570862301,"Caruso et al. (2012)",FALSE,0.874257046681155
0.880134736402691,0.880963278680938,"Caruso et al. (2012)",FALSE,0.874257046681155
0.908772161812931,0.913117971817982,"Caruso et al. (2012)",FALSE,0.874257046681155
0.850654095163071,0.857917675587738,"Caruso et al. (2012)",FALSE,0.874257046681155
0.849772408180009,0.851545315419548,"Caruso et al. (2012)",FALSE,0.874257046681155
0.919252592502165,0.922509159038287,"Caruso et al. (2012)",FALSE,0.874257046681155
0.881094319666581,0.882418216585037,"Caruso et al. (2012)",FALSE,0.874257046681155
0.846415123140812,0.857277757173314,"Caruso et al. (2012)",FALSE,0.874257046681155
0.915954222919125,0.916765746181459,"Caruso et al. (2012)",FALSE,0.874257046681155
0.859079381975133,0.864787304303375,"Caruso et al. (2012)",FALSE,0.874257046681155
0.854636480312295,0.858022226328843,"Caruso et al. (2012)",FALSE,0.874257046681155
0.880020543160428,0.886604157640465,"Caruso et al. (2012)",FALSE,0.874257046681155
0.922773679583312,0.92359193056319,"Caruso et al. (2012)",FALSE,0.874257046681155
0.909812344470801,0.910891406758941,"Caruso et al. (2012)",FALSE,0.874257046681155
0.909694723723974,0.910654076699558,"Caruso et al. (2012)",FALSE,0.874257046681155
0.805633648748918,0.807907528984322,"Caruso et al. (2012)",FALSE,0.874257046681155
0.892632833516295,0.894989930982477,"Caruso et al. (2012)",FALSE,0.874257046681155
0.88638939538791,0.890348980186029,"Caruso et al. (2012)",FALSE,0.874257046681155
0.87595848981422,0.879050662511701,"Caruso et al. (2012)",FALSE,0.874257046681155
0.90381196522336,0.904934990458926,"Caruso et al. (2012)",FALSE,0.874257046681155
0.871339969865429,0.874360379784464,"Caruso et al. (2012)",FALSE,0.874257046681155
0.844494180405842,0.847313407083992,"Caruso et al. (2012)",FALSE,0.874257046681155
0.844990300421875,0.847726294893682,"Caruso et al. (2012)",FALSE,0.874257046681155
0.894203814220838,0.895624518516368,"Caruso et al. (2012)",FALSE,0.874257046681155
0.915038189474813,0.916337566021938,"Caruso et al. (2012)",FALSE,0.874257046681155
0.906458930888977,0.907451564245585,"Caruso et al. (2012)",FALSE,0.874257046681155
0.910312521991503,0.912294513291742,"Caruso et al. (2012)",FALSE,0.874257046681155
0.874023163647212,0.880123657235815,"Caruso et al. (2012)",FALSE,0.874257046681155
0.833081792073034,0.841668038592546,"Caruso et al. (2012)",FALSE,0.874257046681155
0.888622991827175,0.891075848868608,"Caruso et al. (2012)",FALSE,0.874257046681155
0.899360141690501,0.901665050143007,"Caruso et al. (2012)",FALSE,0.874257046681155
0.892187548167627,0.894964829095775,"Caruso et al. (2012)",FALSE,0.874257046681155
0.866031628305556,0.868150018480986,"Caruso et al. (2012)",FALSE,0.874257046681155
0.832271484088738,0.846184712673965,"Caruso et al. (2012)",FALSE,0.874257046681155
0.855494202130611,0.860497780590188,"Caruso et al. (2012)",FALSE,0.874257046681155
0.905651034710516,0.90688659642937,"Caruso et al. (2012)",FALSE,0.874257046681155
0.872824830563141,0.876573438882237,"Caruso et al. (2012)",FALSE,0.874257046681155
0.90532628984639,0.907162311647396,"Caruso et al. (2012)",FALSE,0.874257046681155
0.87728753689573,0.880230216704664,"Caruso et al. (2012)",FALSE,0.874257046681155
0.915517087629269,0.917022879059114,"Caruso et al. (2012)",FALSE,0.874257046681155
0.888831663190093,0.890151201061272,"Caruso et al. (2012)",FALSE,0.874257046681155
0.86847621476964,0.873147851921983,"Caruso et al. (2012)",FALSE,0.874257046681155
0.907907897702644,0.910306153046835,"Caruso et al. (2012)",FALSE,0.874257046681155
0.813703995889617,0.819521561831835,"Caruso et al. (2012)",FALSE,0.874257046681155
0.844276886348215,0.85162313834032,"Caruso et al. (2012)",FALSE,0.874257046681155
0.828056169005174,NA,"Van Lange et al. (1997)",FALSE,0.865631501690757
0.920088750470432,NA,"Van Lange et al. (1997)",FALSE,0.865631501690757
0.912907537739471,NA,"Van Lange et al. (1997)",FALSE,0.865631501690757
0.880417373693757,NA,"Van Lange et al. (1997)",FALSE,0.865631501690757
0.80548095990765,NA,"Van Lange et al. (1997)",FALSE,0.865631501690757
0.901884746341902,NA,"Van Lange et al. (1997)",FALSE,0.865631501690757
0.871659819647039,NA,"Van Lange et al. (1997)",FALSE,0.865631501690757
0.9006253529653,NA,"Van Lange et al. (1997)",FALSE,0.865631501690757
0.889999556292613,NA,"Van Lange et al. (1997)",FALSE,0.865631501690757
0.798212673292077,NA,"Van Lange et al. (1997)",FALSE,0.865631501690757
0.852369659656643,NA,"Van Lange et al. (1997)",FALSE,0.865631501690757
0.829430718042735,NA,"Van Lange et al. (1997)",FALSE,0.865631501690757
0.791883894153199,NA,"Van Lange et al. (1997)",FALSE,0.865631501690757
0.833350913004,NA,"Van Lange et al. (1997)",FALSE,0.865631501690757
0.928049591444771,NA,"Van Lange et al. (1997)",FALSE,0.865631501690757
0.819664631275421,NA,"Van Lange et al. (1997)",FALSE,0.865631501690757
0.928220513427724,NA,"Van Lange et al. (1997)",FALSE,0.865631501690757
0.842910307895527,NA,"Van Lange et al. (1997)",FALSE,0.865631501690757
0.879132875847354,NA,"Van Lange et al. (1997)",FALSE,0.865631501690757
0.891519069148106,NA,"Van Lange et al. (1997)",FALSE,0.865631501690757
0.788128584212699,NA,"Van Lange et al. (1997)",FALSE,0.865631501690757
0.708546649027556,NA,"Van Lange et al. (1997)",FALSE,0.865631501690757
0.905408270193733,NA,"Van Lange et al. (1997)",FALSE,0.865631501690757
0.877977089974593,NA,"Van Lange et al. (1997)",FALSE,0.865631501690757
0.912972715750567,NA,"Van Lange et al. (1997)",FALSE,0.865631501690757
0.825763886719022,NA,"Van Lange et al. (1997)",FALSE,0.865631501690757
0.902331912667955,NA,"Van Lange et al. (1997)",FALSE,0.865631501690757
0.902954600086388,NA,"Van Lange et al. (1997)",FALSE,0.865631501690757
0.846634807522063,NA,"Van Lange et al. (1997)",FALSE,0.865631501690757
0.933911494746314,NA,"Van Lange et al. (1997)",FALSE,0.865631501690757
0.92789398924354,NA,"Van Lange et al. (1997)",FALSE,0.865631501690757
0.785274851974534,NA,"Van Lange et al. (1997)",FALSE,0.865631501690757
0.873306011979999,NA,"Van Lange et al. (1997)",FALSE,0.865631501690757
0.912641371677103,NA,"Van Lange et al. (1997)",FALSE,0.865631501690757
0.862446690131693,NA,"Van Lange et al. (1997)",FALSE,0.865631501690757
0.805654793058489,NA,"Van Lange et al. (1997)",FALSE,0.865631501690757
0.910731394998471,NA,"Van Lange et al. (1997)",FALSE,0.865631501690757
0.875516591918503,NA,"Van Lange et al. (1997)",FALSE,0.865631501690757
0.886787477745061,NA,"Van Lange et al. (1997)",FALSE,0.865631501690757
0.852645607025128,NA,"Van Lange et al. (1997)",FALSE,0.865631501690757
0.879989479793396,NA,"Van Lange et al. (1997)",FALSE,0.865631501690757
0.8916242381753,NA,"Van Lange et al. (1997)",FALSE,0.865631501690757
0.821204489447368,NA,"Van Lange et al. (1997)",FALSE,0.865631501690757
0.833028445802041,NA,"Van Lange et al. (1997)",FALSE,0.865631501690757
0.823809434503778,NA,"Van Lange et al. (1997)",FALSE,0.865631501690757
0.86162551478858,NA,"Van Lange et al. (1997)",FALSE,0.865631501690757
0.884528031919911,NA,"Van Lange et al. (1997)",FALSE,0.865631501690757
0.837796635691378,NA,"Van Lange et al. (1997)",FALSE,0.865631501690757
0.887742016098798,NA,"Van Lange et al. (1997)",FALSE,0.865631501690757
0.684916174792759,NA,"Van Lange et al. (1997)",FALSE,0.865631501690757
0.820696802097638,NA,"Van Lange et al. (1997)",FALSE,0.865631501690757
0.868082451165773,NA,"Van Lange et al. (1997)",FALSE,0.865631501690757
0.874070746911682,NA,"Van Lange et al. (1997)",FALSE,0.865631501690757
0.904118084763793,NA,"Van Lange et al. (1997)",FALSE,0.865631501690757
0.880541553178097,NA,"Van Lange et al. (1997)",FALSE,0.865631501690757
0.942833719843679,NA,"Van Lange et al. (1997)",FALSE,0.865631501690757
0.864209221934486,NA,"Van Lange et al. (1997)",FALSE,0.865631501690757
0.889003919752068,NA,"Van Lange et al. (1997)",FALSE,0.865631501690757
0.831571297050804,NA,"Van Lange et al. (1997)",FALSE,0.865631501690757
0.871359305185386,NA,"Van Lange et al. (1997)",FALSE,0.865631501690757
0.88989916372284,NA,"Van Lange et al. (1997)",FALSE,0.865631501690757
0.8941611325859,NA,"Van Lange et al. (1997)",FALSE,0.865631501690757
0.846820787999485,NA,"Van Lange et al. (1997)",FALSE,0.865631501690757
0.857754189685599,NA,"Van Lange et al. (1997)",FALSE,0.865631501690757
0.869874841273733,NA,"Van Lange et al. (1997)",FALSE,0.865631501690757
0.846621490131473,NA,"Van Lange et al. (1997)",FALSE,0.865631501690757
0.927371798644319,NA,"Van Lange et al. (1997)",FALSE,0.865631501690757
0.839069714794302,NA,"Van Lange et al. (1997)",FALSE,0.865631501690757
0.932560495166645,NA,"Van Lange et al. (1997)",FALSE,0.865631501690757
0.837509537071771,NA,"Van Lange et al. (1997)",FALSE,0.865631501690757
0.889939412489664,NA,"Van Lange et al. (1997)",FALSE,0.865631501690757
0.886179324111511,NA,"Van Lange et al. (1997)",FALSE,0.865631501690757
0.860580337836402,NA,"Van Lange et al. (1997)",FALSE,0.865631501690757
0.922243432801342,NA,"Van Lange et al. (1997)",FALSE,0.865631501690757
0.8712964104352,0.87410442966595,"Anderson et al. (2012), SWL",FALSE,0.841390595680438
0.727149702405919,0.748434031155259,"Anderson et al. (2012), SWL",FALSE,0.841390595680438
0.880738042944789,0.881299875816246,"Anderson et al. (2012), SWL",FALSE,0.841390595680438
0.866057213253927,0.869503220494648,"Anderson et al. (2012), SWL",FALSE,0.841390595680438
0.899343905980179,0.900655002642784,"Anderson et al. (2012), SWL",FALSE,0.841390595680438
0.828805132503574,0.833274471416544,"Anderson et al. (2012), SWL",FALSE,0.841390595680438
0.878543107642181,0.882893566575544,"Anderson et al. (2012), SWL",FALSE,0.841390595680438
0.899499744344953,0.900024242983223,"Anderson et al. (2012), SWL",FALSE,0.841390595680438
0.869074643484103,0.871797150398882,"Anderson et al. (2012), SWL",FALSE,0.841390595680438
0.883155975481519,0.883560234664815,"Anderson et al. (2012), SWL",FALSE,0.841390595680438
0.880320276644541,0.882638554738942,"Anderson et al. (2012), SWL",FALSE,0.841390595680438
0.912180730911203,0.912629323861646,"Anderson et al. (2012), SWL",FALSE,0.841390595680438
0.842747262429877,0.847242353688049,"Anderson et al. (2012), SWL",FALSE,0.841390595680438
0.91577322836512,0.916852849801082,"Anderson et al. (2012), SWL",FALSE,0.841390595680438
0.826573797374888,0.834384438303296,"Anderson et al. (2012), SWL",FALSE,0.841390595680438
0.721160591117887,0.735225604690035,"Anderson et al. (2012), SWL",FALSE,0.841390595680438
0.8530723206263,0.854937689602866,"Anderson et al. (2012), SWL",FALSE,0.841390595680438
0.970310895824446,0.970381034344994,"Anderson et al. (2012), SWL",FALSE,0.841390595680438
0.830549556096246,0.832094288826642,"Anderson et al. (2012), SWL",FALSE,0.841390595680438
0.899450926814487,0.901240866594759,"Anderson et al. (2012), SWL",FALSE,0.841390595680438
0.732180712814056,0.749951203649629,"Anderson et al. (2012), SWL",FALSE,0.841390595680438
0.624337855695303,0.634258681710288,"Anderson et al. (2012), SWL",FALSE,0.841390595680438
0.889556995980072,0.890111622698937,"Anderson et al. (2012), SWL",FALSE,0.841390595680438
0.859870193273854,0.86053344037068,"Anderson et al. (2012), SWL",FALSE,0.841390595680438
0.875162487800956,0.87541164152912,"Anderson et al. (2012), SWL",FALSE,0.841390595680438
0.860307936482384,0.863929928271815,"Anderson et al. (2012), SWL",FALSE,0.841390595680438
0.850734044712394,0.852235537451123,"Anderson et al. (2012), SWL",FALSE,0.841390595680438
0.88359958509036,0.884168741384793,"Anderson et al. (2012), SWL",FALSE,0.841390595680438
0.821352268900526,0.82873669483114,"Anderson et al. (2012), SWL",FALSE,0.841390595680438
0.852263680632819,0.856659228021873,"Anderson et al. (2012), SWL",FALSE,0.841390595680438
0.837126971120962,0.843469127669029,"Anderson et al. (2012), SWL",FALSE,0.841390595680438
0.817173426156323,0.81734655552583,"Anderson et al. (2012), SWL",FALSE,0.841390595680438
0.83573747749888,0.845819796270846,"Anderson et al. (2012), SWL",FALSE,0.841390595680438
0.899128585412066,0.899321123958129,"Anderson et al. (2012), SWL",FALSE,0.841390595680438
0.798520555474474,0.799791915526131,"Anderson et al. (2012), SWL",FALSE,0.841390595680438
0.8509035537097,0.851423591010628,"Anderson et al. (2012), SWL",FALSE,0.841390595680438
0.888285300686998,0.889392353820376,"Anderson et al. (2012), SWL",FALSE,0.841390595680438
0.799395897474429,0.807490779561741,"Anderson et al. (2012), SWL",FALSE,0.841390595680438
0.890904700882416,0.892587436506694,"Anderson et al. (2012), SWL",FALSE,0.841390595680438
0.726409924632864,0.770831931673522,"Anderson et al. (2012), SWL",FALSE,0.841390595680438
0.886054813688903,0.886993330140124,"Anderson et al. (2012), SWL",FALSE,0.841390595680438
0.845647787015401,0.851977192366821,"Anderson et al. (2012), SWL",FALSE,0.841390595680438
0.87296171507914,0.873471282318471,"Anderson et al. (2012), SWL",FALSE,0.841390595680438
0.852430540530713,0.852751008429896,"Anderson et al. (2012), SWL",FALSE,0.841390595680438
0.846495170591025,0.849779877931159,"Anderson et al. (2012), SWL",FALSE,0.841390595680438
0.835418619859604,0.836106306495393,"Anderson et al. (2012), SWL",FALSE,0.841390595680438
0.853296032694672,0.856130329206622,"Anderson et al. (2012), SWL",FALSE,0.841390595680438
0.814288972964085,0.819259376665601,"Anderson et al. (2012), SWL",FALSE,0.841390595680438
0.8356886065684,0.840301214269308,"Anderson et al. (2012), SWL",FALSE,0.841390595680438
0.851048405144894,0.865307847372444,"Anderson et al. (2012), SWL",FALSE,0.841390595680438
0.706675497270288,0.760935019190026,"Anderson et al. (2012), SWL",FALSE,0.841390595680438
0.827311387633865,0.837574846237778,"Anderson et al. (2012), SWL",FALSE,0.841390595680438
0.694278116932493,0.698298817475455,"Anderson et al. (2012), SWL",FALSE,0.841390595680438
0.848705230944242,0.854233075138913,"Anderson et al. (2012), SWL",FALSE,0.841390595680438
0.893054858419352,0.893685021943086,"Anderson et al. (2012), SWL",FALSE,0.841390595680438
0.778330002750122,0.792944529302689,"Anderson et al. (2012), SWL",FALSE,0.841390595680438
0.842449299232734,0.843578641676044,"Anderson et al. (2012), SWL",FALSE,0.841390595680438
0.853143784399295,0.857116998266205,"Anderson et al. (2012), SWL",FALSE,0.841390595680438
0.840546481111027,0.84160858910976,"Anderson et al. (2012), SWL",FALSE,0.841390595680438
0.83968758127978,0.840922393149691,"Anderson et al. (2012), SWL",FALSE,0.841390595680438
0.8585578132835,0.859686752105828,"Anderson et al. (2012), SWL",FALSE,0.841390595680438
0.840636199894356,0.844208922533886,"Anderson et al. (2012), PA",FALSE,0.825305049750225
0.840271575518767,0.850728630194317,"Anderson et al. (2012), PA",FALSE,0.825305049750225
0.825049517318441,0.832106600058985,"Anderson et al. (2012), PA",FALSE,0.825305049750225
0.87690838197286,0.879444948055199,"Anderson et al. (2012), PA",FALSE,0.825305049750225
0.826229261615329,0.832391133329978,"Anderson et al. (2012), PA",FALSE,0.825305049750225
0.838216745998782,0.841394794372753,"Anderson et al. (2012), PA",FALSE,0.825305049750225
0.857695269094318,0.858970598709184,"Anderson et al. (2012), PA",FALSE,0.825305049750225
0.806810787968411,0.810773635518388,"Anderson et al. (2012), PA",FALSE,0.825305049750225
0.867808121446408,0.870596174778605,"Anderson et al. (2012), PA",FALSE,0.825305049750225
0.365083296797509,0.51069314010086,"Anderson et al. (2012), PA",FALSE,0.825305049750225
0.860769064396093,0.864449232246229,"Anderson et al. (2012), PA",FALSE,0.825305049750225
0.791324130321782,0.806536148519554,"Anderson et al. (2012), PA",FALSE,0.825305049750225
0.580457260406659,0.608455198005933,"Anderson et al. (2012), PA",FALSE,0.825305049750225
0.881780023471563,0.883397843470021,"Anderson et al. (2012), PA",FALSE,0.825305049750225
0.880089174919025,0.881078883714951,"Anderson et al. (2012), PA",FALSE,0.825305049750225
0.69262904564295,0.723454691866248,"Anderson et al. (2012), PA",FALSE,0.825305049750225
0.860471681047155,0.862925351591766,"Anderson et al. (2012), PA",FALSE,0.825305049750225
0.899820861550735,0.904769366247668,"Anderson et al. (2012), PA",FALSE,0.825305049750225
0.77244713735957,0.781634612906063,"Anderson et al. (2012), PA",FALSE,0.825305049750225
0.875988259783475,0.877128487769783,"Anderson et al. (2012), PA",FALSE,0.825305049750225
0.873336022566402,0.875488677737187,"Anderson et al. (2012), PA",FALSE,0.825305049750225
0.697084334364869,0.714976122865045,"Anderson et al. (2012), PA",FALSE,0.825305049750225
0.894129040186206,0.897014192948986,"Anderson et al. (2012), PA",FALSE,0.825305049750225
0.86671971053511,0.868276143214936,"Anderson et al. (2012), PA",FALSE,0.825305049750225
0.812466378399281,0.821020515800419,"Anderson et al. (2012), PA",FALSE,0.825305049750225
0.80428995912977,0.80794287465164,"Anderson et al. (2012), PA",FALSE,0.825305049750225
0.823009541988151,0.823988437305348,"Anderson et al. (2012), PA",FALSE,0.825305049750225
0.578121781365746,0.638040795462198,"Anderson et al. (2012), PA",FALSE,0.825305049750225
0.825490045544574,0.838506157632033,"Anderson et al. (2012), PA",FALSE,0.825305049750225
0.929517485794785,0.932130337873923,"Anderson et al. (2012), PA",FALSE,0.825305049750225
0.873406795860568,0.876242287717204,"Anderson et al. (2012), PA",FALSE,0.825305049750225
0.830503562735016,0.833565946753246,"Anderson et al. (2012), PA",FALSE,0.825305049750225
0.83934506887882,0.849451324818914,"Anderson et al. (2012), PA",FALSE,0.825305049750225
0.870549047313582,0.888259695750898,"Anderson et al. (2012), PA",FALSE,0.825305049750225
0.847081733290975,0.851321350499615,"Anderson et al. (2012), PA",FALSE,0.825305049750225
0.672088589928754,0.691372321369926,"Anderson et al. (2012), PA",FALSE,0.825305049750225
0.864932784674913,0.878166758397281,"Anderson et al. (2012), PA",FALSE,0.825305049750225
0.813694065834074,0.817194318228887,"Anderson et al. (2012), PA",FALSE,0.825305049750225
0.789540699187589,0.796117906700628,"Anderson et al. (2012), PA",FALSE,0.825305049750225
0.793087642948852,0.801481640115997,"Anderson et al. (2012), PA",FALSE,0.825305049750225
0.827706527361136,0.833805611610056,"Anderson et al. (2012), PA",FALSE,0.825305049750225
0.863058079335702,0.868340322326296,"Anderson et al. (2012), PA",FALSE,0.825305049750225
0.856122319294826,0.860109923957103,"Anderson et al. (2012), PA",FALSE,0.825305049750225
0.845309932054247,0.846824178548144,"Anderson et al. (2012), PA",FALSE,0.825305049750225
0.756984039933756,0.766566886919869,"Anderson et al. (2012), PA",FALSE,0.825305049750225
0.843124733452905,0.84710767033688,"Anderson et al. (2012), PA",FALSE,0.825305049750225
0.754772361252518,0.757724895044121,"Anderson et al. (2012), PA",FALSE,0.825305049750225
0.860201683266176,0.868420051203914,"Anderson et al. (2012), PA",FALSE,0.825305049750225
0.885926632152342,0.889673640133487,"Anderson et al. (2012), PA",FALSE,0.825305049750225
0.882067512703948,0.88553042406327,"Anderson et al. (2012), PA",FALSE,0.825305049750225
0.824955797688535,0.82851377439359,"Anderson et al. (2012), PA",FALSE,0.825305049750225
0.816478948773047,0.827010636997169,"Anderson et al. (2012), PA",FALSE,0.825305049750225
0.840193267907882,0.844387932328609,"Anderson et al. (2012), PA",FALSE,0.825305049750225
0.870382447861447,0.871544184595183,"Anderson et al. (2012), PA",FALSE,0.825305049750225
0.834441019802311,0.838339665646661,"Anderson et al. (2012), PA",FALSE,0.825305049750225
0.900457016051317,0.902058582019756,"Anderson et al. (2012), PA",FALSE,0.825305049750225
0.884457073669576,0.886531488630887,"Anderson et al. (2012), PA",FALSE,0.825305049750225
0.88717203966869,0.89037642741269,"Anderson et al. (2012), PA",FALSE,0.825305049750225
0.842472225844813,0.845076793501241,"Anderson et al. (2012), PA",FALSE,0.825305049750225
0.841336403913905,0.844410574417034,"Anderson et al. (2012), PA",FALSE,0.825305049750225
0.855479616580538,0.856344029187766,"Anderson et al. (2012), PA",FALSE,0.825305049750225
0.86010973196668,0.8645545888097,"Anderson et al. (2012), PA",FALSE,0.825305049750225
0.839456371187304,0.843870229506963,"Anderson et al. (2012), PA",FALSE,0.825305049750225
0.785650023490224,0.798432664741617,"Anderson et al. (2012), PA",FALSE,0.825305049750225
0.846416918919128,0.850883242489479,"Anderson et al. (2012), PA",FALSE,0.825305049750225
0.836097666561283,0.837616491420115,"Anderson et al. (2012), PA",FALSE,0.825305049750225
0.835148941211577,0.840919292670326,"Anderson et al. (2012), PA",FALSE,0.825305049750225
0.849912505174349,0.855036442069635,"Anderson et al. (2012), PA",FALSE,0.825305049750225
0.867485424571273,0.877182665145305,"Anderson et al. (2012), PA",FALSE,0.825305049750225
0.846381563042521,0.850675749900477,"Anderson et al. (2012), PA",FALSE,0.825305049750225
0.845990133853546,0.853346873077431,"Anderson et al. (2012), PA",FALSE,0.825305049750225
0.896853336199959,0.898511488712965,"Anderson et al. (2012), PA",FALSE,0.825305049750225
0.808904096384993,0.814014224706446,"Anderson et al. (2012), PA",FALSE,0.825305049750225
0.842187203331948,0.846790566163713,"Anderson et al. (2012), PA",FALSE,0.825305049750225
0.670862372833916,0.682478910619845,"Anderson et al. (2012), NA",FALSE,0.731476625853169
0.540264206375197,0.568095933727744,"Anderson et al. (2012), NA",FALSE,0.731476625853169
0.63372950056889,0.646979745442889,"Anderson et al. (2012), NA",FALSE,0.731476625853169
0.824861494856483,0.828334077039711,"Anderson et al. (2012), NA",FALSE,0.731476625853169
0.762201732345695,0.764737876997784,"Anderson et al. (2012), NA",FALSE,0.731476625853169
0.57425645510323,0.581011077994977,"Anderson et al. (2012), NA",FALSE,0.731476625853169
0.798417830574717,0.804098159387077,"Anderson et al. (2012), NA",FALSE,0.731476625853169
0.783350845803944,0.78416826818124,"Anderson et al. (2012), NA",FALSE,0.731476625853169
0.69421422215391,0.701903254354028,"Anderson et al. (2012), NA",FALSE,0.731476625853169
0.751247325057398,0.752768968943814,"Anderson et al. (2012), NA",FALSE,0.731476625853169
0.71239461129229,0.716287913096909,"Anderson et al. (2012), NA",FALSE,0.731476625853169
0.776579726410255,0.778097679127808,"Anderson et al. (2012), NA",FALSE,0.731476625853169
0.762190754684011,0.7673366034184,"Anderson et al. (2012), NA",FALSE,0.731476625853169
0.765342258495626,0.776499124487261,"Anderson et al. (2012), NA",FALSE,0.731476625853169
0.860891986383893,0.864728054731253,"Anderson et al. (2012), NA",FALSE,0.731476625853169
0.770445173456177,0.774074847615181,"Anderson et al. (2012), NA",FALSE,0.731476625853169
0.79189980547887,0.80267028674017,"Anderson et al. (2012), NA",FALSE,0.731476625853169
0.762726916493496,0.770139051969241,"Anderson et al. (2012), NA",FALSE,0.731476625853169
0.639720045219229,0.649501381753561,"Anderson et al. (2012), NA",FALSE,0.731476625853169
0.68501833106706,0.700463166395164,"Anderson et al. (2012), NA",FALSE,0.731476625853169
0.699269004250834,0.715562562595299,"Anderson et al. (2012), NA",FALSE,0.731476625853169
0.773307534469614,0.779254873780304,"Anderson et al. (2012), NA",FALSE,0.731476625853169
0.606201229401197,0.619809824102992,"Anderson et al. (2012), NA",FALSE,0.731476625853169
0.722871894572149,0.726578009730514,"Anderson et al. (2012), NA",FALSE,0.731476625853169
0.719405939623437,0.723888047596806,"Anderson et al. (2012), NA",FALSE,0.731476625853169
0.751502109442334,0.758518119611734,"Anderson et al. (2012), NA",FALSE,0.731476625853169
0.767467388833218,0.773021999486745,"Anderson et al. (2012), NA",FALSE,0.731476625853169
0.786467662486231,0.791815949762174,"Anderson et al. (2012), NA",FALSE,0.731476625853169
0.75231632508717,0.764300665550541,"Anderson et al. (2012), NA",FALSE,0.731476625853169
0.758919941518485,0.764062145361998,"Anderson et al. (2012), NA",FALSE,0.731476625853169
0.748299389723586,0.75284596651008,"Anderson et al. (2012), NA",FALSE,0.731476625853169
0.717862845617074,0.72727739604688,"Anderson et al. (2012), NA",FALSE,0.731476625853169
0.652896562634314,0.663717707515569,"Anderson et al. (2012), NA",FALSE,0.731476625853169
0.754170896634614,0.768162294027457,"Anderson et al. (2012), NA",FALSE,0.731476625853169
0.814563352649132,0.817722974094425,"Anderson et al. (2012), NA",FALSE,0.731476625853169
0.747020859116424,0.760112223616159,"Anderson et al. (2012), NA",FALSE,0.731476625853169
0.688502638900176,0.704698988029606,"Giessner & Schubert, (2007)",FALSE,0.714649915585115
0.591570940826073,0.61359419553044,"Giessner & Schubert, (2007)",FALSE,0.714649915585115
0.806842725156501,0.808063056583823,"Giessner & Schubert, (2007)",FALSE,0.714649915585115
0.692861559124945,0.694983960614829,"Giessner & Schubert, (2007)",FALSE,0.714649915585115
0.793446401770012,0.798105325107405,"Giessner & Schubert, (2007)",FALSE,0.714649915585115
0.790149141874196,0.798575604593288,"Giessner & Schubert, (2007)",FALSE,0.714649915585115
0.739642758794219,0.759615671352888,"Giessner & Schubert, (2007)",FALSE,0.714649915585115
0.730760443631619,0.736302926075513,"Giessner & Schubert, (2007)",FALSE,0.714649915585115
0.776847046243154,0.786719324383952,"Giessner & Schubert, (2007)",FALSE,0.714649915585115
0.812815737185965,0.813791379070578,"Giessner & Schubert, (2007)",FALSE,0.714649915585115
0.69674097433943,0.70336485223026,"Giessner & Schubert, (2007)",FALSE,0.714649915585115
0.634269349317347,0.646321001918934,"Giessner & Schubert, (2007)",FALSE,0.714649915585115
0.764562152225772,0.777715088359,"Giessner & Schubert, (2007)",FALSE,0.714649915585115
0.710329741721255,0.712272418409041,"Giessner & Schubert, (2007)",FALSE,0.714649915585115
0.698096375907966,0.70191890187317,"Giessner & Schubert, (2007)",FALSE,0.714649915585115
0.699907372725607,0.711009846137191,"Giessner & Schubert, (2007)",FALSE,0.714649915585115
0.704228660683225,0.718890151981623,"Giessner & Schubert, (2007)",FALSE,0.714649915585115
0.722607994192943,0.730752531565791,"Giessner & Schubert, (2007)",FALSE,0.714649915585115
0.734370533540682,0.741617046239196,"Giessner & Schubert, (2007)",FALSE,0.714649915585115
0.658499744023626,0.672902085737919,"Giessner & Schubert, (2007)",FALSE,0.714649915585115
0.723676644216377,0.732115578811044,"Giessner & Schubert, (2007)",FALSE,0.714649915585115
0.613630372685919,0.633653374561871,"Giessner & Schubert, (2007)",FALSE,0.714649915585115
0.621182131841256,0.654080273221437,"Giessner & Schubert, (2007)",FALSE,0.714649915585115
0.694542321459162,0.707465042431353,"Giessner & Schubert, (2007)",FALSE,0.714649915585115
0.827849511009366,0.832008793359891,"Giessner & Schubert, (2007)",FALSE,0.714649915585115
0.743752057604548,0.752991284649898,"Giessner & Schubert, (2007)",FALSE,0.714649915585115
0.697712583187873,0.701403151221868,"Giessner & Schubert, (2007)",FALSE,0.714649915585115
0.71558428365354,0.721565611389246,"Giessner & Schubert, (2007)",FALSE,0.714649915585115
0.653638051413397,0.656132693400333,"Giessner & Schubert, (2007)",FALSE,0.714649915585115
0.672321394360068,0.687229281948993,"Giessner & Schubert, (2007)",FALSE,0.714649915585115
0.507677191773257,0.532948994333438,"Giessner & Schubert, (2007)",FALSE,0.714649915585115
0.709445937825213,0.719216275029708,"Giessner & Schubert, (2007)",FALSE,0.714649915585115
0.651979982031499,0.67874390577351,"Giessner & Schubert, (2007)",FALSE,0.714649915585115
0.815491038198499,0.817538474781013,"Giessner & Schubert, (2007)",FALSE,0.714649915585115
0.75757376429938,0.759909742314201,"Giessner & Schubert, (2007)",FALSE,0.714649915585115
0.747566049056473,0.756159941833809,"Giessner & Schubert, (2007)",FALSE,0.714649915585115
0.801256151835019,0.808401350590629,"Giessner & Schubert, (2007)",FALSE,0.714649915585115
0.671455242328852,0.703708505040904,"Giessner & Schubert, (2007)",FALSE,0.714649915585115
0.775823649520307,0.790841674074055,"Giessner & Schubert, (2007)",FALSE,0.714649915585115
0.663541810617938,0.668970756588423,"Giessner & Schubert, (2007)",FALSE,0.714649915585115
0.712275654512453,0.722322754760718,"Giessner & Schubert, (2007)",FALSE,0.714649915585115
0.754671855857209,0.765540499972744,"Giessner & Schubert, (2007)",FALSE,0.714649915585115
0.764429146495993,0.785728686412547,"Giessner & Schubert, (2007)",FALSE,0.714649915585115
0.643053580023317,0.651754833813465,"Giessner & Schubert, (2007)",FALSE,0.714649915585115
0.716241893913339,0.721646670743544,"Giessner & Schubert, (2007)",FALSE,0.714649915585115
0.656755659740208,0.6627353609589,"Giessner & Schubert, (2007)",FALSE,0.714649915585115
0.641418632554285,0.675072269739014,"Giessner & Schubert, (2007)",FALSE,0.714649915585115
0.700272623718582,0.742045209777353,"Giessner & Schubert, (2007)",FALSE,0.714649915585115
0.717488938740602,0.747476793580381,"Giessner & Schubert, (2007)",FALSE,0.714649915585115
0.795289681926246,0.805390550528872,"Giessner & Schubert, (2007)",FALSE,0.714649915585115
0.715294312693889,0.719821444117403,"Giessner & Schubert, (2007)",FALSE,0.714649915585115
0.686448803557631,0.716416902401156,"Giessner & Schubert, (2007)",FALSE,0.714649915585115
0.777242441924588,0.786257474923862,"Giessner & Schubert, (2007)",FALSE,0.714649915585115
0.800100099203262,0.806709330633926,"Giessner & Schubert, (2007)",FALSE,0.714649915585115
0.747459359337203,0.754250408170266,"Giessner & Schubert, (2007)",FALSE,0.714649915585115
0.703881225217501,0.715443502470315,"Giessner & Schubert, (2007)",FALSE,0.714649915585115
0.699662659505249,0.706193388096267,"Giessner & Schubert, (2007)",FALSE,0.714649915585115
0.704956073912438,0.71805472508486,"Giessner & Schubert, (2007)",FALSE,0.714649915585115
0.769137545941697,0.769659277916222,"Zhong & Liljenquist (2006)",FALSE,0.640368849829105
0.693330091900791,0.701811460478857,"Zhong & Liljenquist (2006)",FALSE,0.640368849829105
0.558319869792928,0.600460762266902,"Zhong & Liljenquist (2006)",FALSE,0.640368849829105
0.774023900456684,0.784845802450417,"Zhong & Liljenquist (2006)",FALSE,0.640368849829105
0.697383870281235,0.705405203141681,"Zhong & Liljenquist (2006)",FALSE,0.640368849829105
0.628137226052638,0.637507849993169,"Zhong & Liljenquist (2006)",FALSE,0.640368849829105
0.622289466830512,0.624899482279906,"Zhong & Liljenquist (2006)",FALSE,0.640368849829105
0.729482421224072,0.73758579219732,"Zhong & Liljenquist (2006)",FALSE,0.640368849829105
0.302859238548202,0.335864174123264,"Zhong & Liljenquist (2006)",FALSE,0.640368849829105
0.751650648450427,0.75594158394028,"Zhong & Liljenquist (2006)",FALSE,0.640368849829105
0.593779118955909,0.600979304497576,"Zhong & Liljenquist (2006)",FALSE,0.640368849829105
0.577956577282827,0.611485305648955,"Zhong & Liljenquist (2006)",FALSE,0.640368849829105
0.651566052829325,0.668147515390578,"Zhong & Liljenquist (2006)",FALSE,0.640368849829105
0.570524633750701,0.575327158399627,"Zhong & Liljenquist (2006)",FALSE,0.640368849829105
0.746487855245449,0.762403591874622,"Zhong & Liljenquist (2006)",FALSE,0.640368849829105
0.558896685543958,0.583671694780438,"Zhong & Liljenquist (2006)",FALSE,0.640368849829105
0.7664462855635,0.767731386362878,"Zhong & Liljenquist (2006)",FALSE,0.640368849829105
0.672783670159228,0.692490743082988,"Zhong & Liljenquist (2006)",FALSE,0.640368849829105
0.521445209505121,0.580081157623632,"Zhong & Liljenquist (2006)",FALSE,0.640368849829105
0.65750912975154,0.670753416200246,"Zhong & Liljenquist (2006)",FALSE,0.640368849829105
0.603736348344466,0.619806789521051,"Zhong & Liljenquist (2006)",FALSE,0.640368849829105
0.689474066818741,0.697901685702165,"Monin & Miller (2001), most",FALSE,0.622904080534064
0.570139117135156,0.582427930760552,"Monin & Miller (2001), most",FALSE,0.622904080534064
0.575689173120723,0.588107812509818,"Monin & Miller (2001), most",FALSE,0.622904080534064
0.656313965061637,0.661859011298555,"Monin & Miller (2001), most",FALSE,0.622904080534064
0.591952261326639,0.647635567815785,"Monin & Miller (2001), some",FALSE,0.613130795344693
0.717994330479553,0.738393095840232,"Monin & Miller (2001), some",FALSE,0.613130795344693
0.638831847264762,0.697296809395706,"Monin & Miller (2001), some",FALSE,0.613130795344693
0.656139856276548,0.68625289997063,"Monin & Miller (2001), some",FALSE,0.613130795344693
0.670958102656842,0.705115318117778,"Monin & Miller (2001), some",FALSE,0.613130795344693
0.647182025485952,0.679407748796874,"Monin & Miller (2001), some",FALSE,0.613130795344693
0.542942332002379,0.624607450898013,"Monin & Miller (2001), some",FALSE,0.613130795344693
0.721317643575813,0.757571535822052,"Monin & Miller (2001), some",FALSE,0.613130795344693
0.564866175931107,0.617225707234405,"Monin & Miller (2001), some",FALSE,0.613130795344693
0.585768750796604,0.662809121608818,"Monin & Miller (2001), some",FALSE,0.613130795344693
0.76287126743736,0.790989193994277,"Monin & Miller (2001), some",FALSE,0.613130795344693
0.465046307609037,0.52482134493922,"Monin & Miller (2001), some",FALSE,0.613130795344693
0.678777817988471,0.70687758597052,"Monin & Miller (2001), some",FALSE,0.613130795344693
0.723731660780581,0.770026204539815,"Monin & Miller (2001), some",FALSE,0.613130795344693
0.609780038917443,0.662800047214043,"Monin & Miller (2001), some",FALSE,0.613130795344693
0.688301367964589,0.73139558072327,"Monin & Miller (2001), some",FALSE,0.613130795344693
0.572333622225297,0.626292923510819,"Monin & Miller (2001), some",FALSE,0.613130795344693
0.642721396269165,0.699698479353103,"Monin & Miller (2001), some",FALSE,0.613130795344693
0.713664351373343,0.735597425170471,"Monin & Miller (2001), some",FALSE,0.613130795344693
0.535258769892418,0.585911808951071,"Monin & Miller (2001), some",FALSE,0.613130795344693
0.698478519552103,0.7438911467167,"Monin & Miller (2001), some",FALSE,0.613130795344693
0.627888665509079,0.655055066495618,"Monin & Miller (2001), some",FALSE,0.613130795344693
0.605961602372215,0.646213741934016,"Monin & Miller (2001), some",FALSE,0.613130795344693
0.519903492546999,0.572549126533182,"Monin & Miller (2001), some",FALSE,0.613130795344693
0.701513148721982,0.771234844135574,"Monin & Miller (2001), some",FALSE,0.613130795344693
0.677860604042671,0.706773815363308,"Monin & Miller (2001), some",FALSE,0.613130795344693
0.607155219870335,0.684783362079757,"Monin & Miller (2001), some",FALSE,0.613130795344693
0.578544291473312,0.639676572361912,"Monin & Miller (2001), some",FALSE,0.613130795344693
0.617504734366544,0.683508327855365,"Monin & Miller (2001), some",FALSE,0.613130795344693
0.666695186904688,0.687450911832931,"Monin & Miller (2001), some",FALSE,0.613130795344693
0.60142183406385,0.680805856993537,"Monin & Miller (2001), some",FALSE,0.613130795344693
0.68256548145059,0.744473283741758,"Monin & Miller (2001), some",FALSE,0.613130795344693
0.603119013094961,0.664655062726576,"Monin & Miller (2001), some",FALSE,0.613130795344693
0.665507516452698,0.713555182595192,"Monin & Miller (2001), some",FALSE,0.613130795344693
0.649326875448061,0.68922312887137,"Monin & Miller (2001), some",FALSE,0.613130795344693
0.605650624488216,0.649169087009636,"Monin & Miller (2001), some",FALSE,0.613130795344693
0.663256939231062,0.690693344074217,"Monin & Miller (2001), some",FALSE,0.613130795344693
0.588135358285105,0.619819124045306,"Monin & Miller (2001), some",FALSE,0.613130795344693
0.572619296168152,0.600559718136251,"Monin & Miller (2001), some",FALSE,0.613130795344693
0.653343763306213,0.686733222926259,"Monin & Miller (2001), some",FALSE,0.613130795344693
0.662543106162617,0.715979421125502,"Monin & Miller (2001), some",FALSE,0.613130795344693
0.668721726426744,0.687780651832034,"Monin & Miller (2001), some",FALSE,0.613130795344693
0.389665061519174,0.472154662841483,"Monin & Miller (2001), some",FALSE,0.613130795344693
0.538351222744454,0.619311196609901,"Monin & Miller (2001), some",FALSE,0.613130795344693
0.573481799831487,0.612527237283314,"Monin & Miller (2001), some",FALSE,0.613130795344693
0.534125157291296,0.568286512411868,"Monin & Miller (2001), some",FALSE,0.613130795344693
0.552981331378742,0.601513098474157,"Monin & Miller (2001), some",FALSE,0.613130795344693
0.575539520710617,0.622243451481562,"Monin & Miller (2001), some",FALSE,0.613130795344693
0.59338987142739,0.634880289855954,"Monin & Miller (2001), some",FALSE,0.613130795344693
0.628534918106267,0.685707260184966,"Monin & Miller (2001), some",FALSE,0.613130795344693
0.65877541955015,0.678155392581225,"Monin & Miller (2001), some",FALSE,0.613130795344693
0.607482723736363,0.662705182821168,"Monin & Miller (2001), some",FALSE,0.613130795344693
0.535675564184957,0.607272805663857,"Monin & Miller (2001), some",FALSE,0.613130795344693
0.553687471456633,0.636892157613401,"Monin & Miller (2001), some",FALSE,0.613130795344693
0.568469800958038,0.632038860413685,"Monin & Miller (2001), some",FALSE,0.613130795344693
0.458063632053857,0.523029451938397,"Monin & Miller (2001), some",FALSE,0.613130795344693
0.566127592761685,0.612366419380919,"Monin & Miller (2001), some",FALSE,0.613130795344693
0.613361749252128,0.698545762162349,"Monin & Miller (2001), some",FALSE,0.613130795344693
0.675164304198757,0.715949223024652,"Monin & Miller (2001), some",FALSE,0.613130795344693
0.71290304312422,0.719163734056093,"Monin & Miller (2001), some",FALSE,0.613130795344693
0.529432344137383,0.592085627179738,"Monin & Miller (2001), some",FALSE,0.613130795344693
0.593260733350814,0.64620545180397,"Monin & Miller (2001), some",FALSE,0.613130795344693
0.614987791656819,0.671962859948437,"Monin & Miller (2001), some",FALSE,0.613130795344693
0.57497726200866,0.599364285926048,"Monin & Miller (2001), some",FALSE,0.613130795344693
0.526082438696838,0.599334580776862,"Monin & Miller (2001), some",FALSE,0.613130795344693
0.640900987157219,0.664810379540767,"Monin & Miller (2001), some",FALSE,0.613130795344693
0.616184620608392,0.659790941851267,"Monin & Miller (2001), some",FALSE,0.613130795344693
0.506104650798193,0.518995216204807,"Cacioppo et al. (1983)",FALSE,0.587460443648483
0.563622890321771,0.576362610500607,"Cacioppo et al. (1983)",FALSE,0.587460443648483
0.662808795061187,0.675135841227298,"Cacioppo et al. (1983)",FALSE,0.587460443648483
0.63608528936086,0.650926037797119,"Cacioppo et al. (1983)",FALSE,0.587460443648483
0.473690356550241,0.52306781084197,"Cacioppo et al. (1983)",FALSE,0.587460443648483
0.632591670377947,0.634058033766805,"Cacioppo et al. (1983)",FALSE,0.587460443648483
0.566976206842927,0.575484607185358,"Cacioppo et al. (1983)",FALSE,0.587460443648483
0.818450000352899,0.821696613685644,"Cacioppo et al. (1983)",FALSE,0.587460443648483
0.643478058030492,0.645837650507569,"Cacioppo et al. (1983)",FALSE,0.587460443648483
0.669436080783394,0.680905337844299,"Cacioppo et al. (1983)",FALSE,0.587460443648483
0.686425531809852,0.695135347947708,"Cacioppo et al. (1983)",FALSE,0.587460443648483
0.399993913677894,0.411197214096571,"Cacioppo et al. (1983)",FALSE,0.587460443648483
0.45693665516555,0.467359554477535,"Cacioppo et al. (1983)",FALSE,0.587460443648483
0.678743815852394,0.685054181058622,"Cacioppo et al. (1983)",FALSE,0.587460443648483
0.53494278020876,0.549238880378618,"Cacioppo et al. (1983)",FALSE,0.587460443648483
0.54257090902494,0.5545298936455,"Cacioppo et al. (1983)",FALSE,0.587460443648483
0.581257615684533,0.586822574892766,"Cacioppo et al. (1983)",FALSE,0.587460443648483
0.603284733667786,0.60898290436548,"Cacioppo et al. (1983)",FALSE,0.587460443648483
0.516587972417309,0.52898554582885,"Cacioppo et al. (1983)",FALSE,0.587460443648483
0.59650151359136,0.609875613778854,"Cacioppo et al. (1983)",FALSE,0.587460443648483
0.566179877037853,0.601812036907575,"Cacioppo et al. (1983)",FALSE,0.587460443648483
0.7501046521939,NA,"De Fruyt et al. (2000)",FALSE,0.576077469009945
0.40887889631872,NA,"De Fruyt et al. (2000)",FALSE,0.576077469009945
0.783765009571586,NA,"De Fruyt et al. (2000)",FALSE,0.576077469009945
0.725820924288147,NA,"De Fruyt et al. (2000)",FALSE,0.576077469009945
0.650357699851609,NA,"De Fruyt et al. (2000)",FALSE,0.576077469009945
0.522340325516282,NA,"De Fruyt et al. (2000)",FALSE,0.576077469009945
0.457973294942239,NA,"De Fruyt et al. (2000)",FALSE,0.576077469009945
0.733408129232156,NA,"De Fruyt et al. (2000)",FALSE,0.576077469009945
0.469447197170553,NA,"De Fruyt et al. (2000)",FALSE,0.576077469009945
0.537179610410825,NA,"De Fruyt et al. (2000)",FALSE,0.576077469009945
0.644431583198718,NA,"De Fruyt et al. (2000)",FALSE,0.576077469009945
0.560122325711347,NA,"De Fruyt et al. (2000)",FALSE,0.576077469009945
0.704336426493798,NA,"De Fruyt et al. (2000)",FALSE,0.576077469009945
0.622399253105137,NA,"De Fruyt et al. (2000)",FALSE,0.576077469009945
0.651525097858277,NA,"De Fruyt et al. (2000)",FALSE,0.576077469009945
0.439922707424922,NA,"De Fruyt et al. (2000)",FALSE,0.576077469009945
0.514146594328711,NA,"De Fruyt et al. (2000)",FALSE,0.576077469009945
0.340282422007405,NA,"De Fruyt et al. (2000)",FALSE,0.576077469009945
0.461735098874071,NA,"De Fruyt et al. (2000)",FALSE,0.576077469009945
0.42913768455832,NA,"De Fruyt et al. (2000)",FALSE,0.576077469009945
0.690311916152131,NA,"De Fruyt et al. (2000)",FALSE,0.576077469009945
0.0792935961454748,0.0792935961454748,"Albarracn et al. (2008), experiment 5",FALSE,0.199459256479055
0.00445209299338127,0.0033416084411928,"Albarracn et al. (2008), experiment 5",FALSE,0.199459256479055
0.476523846631319,0.476523846631319,"Albarracn et al. (2008), experiment 5",FALSE,0.199459256479055
0.322739317361805,0.322739317361805,"Albarracn et al. (2008), experiment 5",FALSE,0.199459256479055
0.355361231818507,0.355361231818507,"Albarracn et al. (2008), experiment 5",FALSE,0.199459256479055
0.00351797680912747,0.0026400762501576,"Albarracn et al. (2008), experiment 5",FALSE,0.199459256479055
0.274618582155443,0.274618582155443,"Albarracn et al. (2008), experiment 5",FALSE,0.199459256479055
0.407595855646839,0.407595855646839,"Albarracn et al. (2008), experiment 5",FALSE,0.199459256479055
0.0254687021595659,0.0254687021595659,"Albarracn et al. (2008), experiment 5",FALSE,0.199459256479055
0.390968939159973,0.390968939159973,"Albarracn et al. (2008), experiment 5",FALSE,0.199459256479055
0.246018026199286,0.246018026199286,"Albarracn et al. (2008), experiment 5",FALSE,0.199459256479055
0.0940967582279175,0.0940967582279175,"Albarracn et al. (2008), experiment 5",FALSE,0.199459256479055
0.0388051371781594,0.0388051371781595,"Albarracn et al. (2008), experiment 5",FALSE,0.199459256479055
0.0949557860318227,0.0949557860318227,"Albarracn et al. (2008), experiment 5",FALSE,0.199459256479055
0.216107838305725,0.216107838305725,"Albarracn et al. (2008), experiment 5",FALSE,0.199459256479055
0.176888121111395,0.176888121111395,"Albarracn et al. (2008), experiment 5",FALSE,0.199459256479055
0.198616163631876,0.198616163631875,"Albarracn et al. (2008), experiment 5",FALSE,0.199459256479055
0.201716458355749,0.201716458355749,"Albarracn et al. (2008), experiment 5",FALSE,0.199459256479055
0.158470759153515,0.158470759153515,"Albarracn et al. (2008), experiment 5",FALSE,0.199459256479055
0.119261083758303,0.119261083758303,"Albarracn et al. (2008), experiment 5",FALSE,0.199459256479055
0.30316811322497,0.30316811322497,"Albarracn et al. (2008), experiment 5",FALSE,0.199459256479055
